Player,Pos,Age,Tm,G,GS,MP,FG,FGA,FG%,3P,3PA,3P%,2P,2PA,2P%,eFG%,FT,FTA,FT%,ORB,DRB,TRB,AST,STL,BLK,TOV,PF,PTS,Salary
Precious Achiuwa,C,22,TOR,73,28,23.6,3.6,8.3,0.439,0.8,2.1,0.359,2.9,6.1,0.468,0.486,1.1,1.8,0.595,2.0,4.5,6.5,1.1,0.5,0.6,1.2,2.1,9.1,2840160.0
Steven Adams,C,28,MEM,76,75,26.3,2.8,5.1,0.547,0.0,0.0,0.0,2.8,5.0,0.548,0.547,1.4,2.6,0.543,4.6,5.4,10.0,3.4,0.9,0.8,1.5,2.0,6.9,17926829.0
Bam Adebayo,C,24,MIA,56,56,32.6,7.3,13.0,0.557,0.0,0.1,0.0,7.3,12.9,0.562,0.557,4.6,6.1,0.753,2.4,7.6,10.1,3.4,1.4,0.8,2.6,3.1,19.1,30351780.0
Santi Aldama,PF,21,MEM,32,0,11.3,1.7,4.1,0.402,0.2,1.5,0.125,1.5,2.6,0.56,0.424,0.6,1.0,0.625,1.0,1.7,2.7,0.7,0.2,0.3,0.5,1.1,4.1,2094120.0
Nickeil Alexander-Walker,SG,23,TOT,65,21,22.6,3.9,10.5,0.372,1.6,5.2,0.311,2.3,5.3,0.433,0.449,1.2,1.7,0.743,0.6,2.3,2.9,2.4,0.7,0.4,1.4,1.6,10.6,5009633.0
Nickeil Alexander-Walker,SG,23,NOP,50,19,26.3,4.7,12.6,0.375,1.9,6.1,0.311,2.8,6.5,0.434,0.45,1.4,1.9,0.722,0.7,2.6,3.3,2.8,0.8,0.4,1.7,1.8,12.8,5009633.0
Nickeil Alexander-Walker,SG,23,UTA,15,2,9.9,1.1,3.2,0.333,0.7,2.2,0.303,0.4,1.0,0.4,0.438,0.7,0.8,0.917,0.1,1.5,1.5,1.1,0.3,0.3,0.5,1.0,3.5,5009633.0
Grayson Allen,SG,26,MIL,66,61,27.3,3.9,8.6,0.448,2.4,5.9,0.409,1.5,2.7,0.533,0.588,1.0,1.1,0.865,0.5,2.9,3.4,1.5,0.7,0.3,0.7,1.5,11.1,8500000.0
Jarrett Allen,C,23,CLE,56,56,32.3,6.6,9.7,0.677,0.0,0.2,0.1,6.6,9.6,0.688,0.678,2.9,4.2,0.708,3.4,7.3,10.8,1.6,0.8,1.3,1.7,1.7,16.1,20000000.0
Jose Alvarado,PG,23,NOP,54,1,15.4,2.4,5.4,0.446,0.6,2.0,0.291,1.8,3.4,0.538,0.5,0.7,1.0,0.679,0.5,1.4,1.9,2.8,1.3,0.1,0.7,1.4,6.1,1563518.0
Kyle Anderson,PF,28,MEM,69,11,21.5,3.0,6.8,0.446,0.5,1.6,0.33,2.5,5.2,0.481,0.484,1.0,1.5,0.638,1.0,4.3,5.3,2.7,1.1,0.7,1.0,1.6,7.6,8780488.0
Giannis Antetokounmpo,PF,27,MIL,67,67,32.9,10.3,18.6,0.553,1.1,3.6,0.293,9.2,15.0,0.616,0.582,8.3,11.4,0.722,2.0,9.6,11.6,5.8,1.1,1.4,3.3,3.2,29.9,42492492.0
Thanasis Antetokounmpo,SF,29,MIL,48,6,9.9,1.5,2.7,0.547,0.0,0.3,0.143,1.4,2.4,0.596,0.555,0.6,1.0,0.63,0.8,1.3,2.1,0.5,0.3,0.3,0.5,1.4,3.6,1878720.0
Cole Anthony,PG,21,ORL,65,65,31.7,5.5,14.0,0.391,2.0,6.0,0.338,3.5,8.0,0.432,0.464,3.3,3.9,0.854,0.5,4.9,5.4,5.7,0.7,0.3,2.6,2.6,16.3,3613680.0
OG Anunoby,SF,24,TOR,48,48,36.0,6.4,14.5,0.443,2.4,6.6,0.363,4.0,7.9,0.511,0.526,1.9,2.5,0.754,1.5,4.0,5.5,2.6,1.5,0.5,1.7,2.7,17.1,17357143.0
Ryan Arcidiacono,PG,27,NYK,10,0,7.6,0.6,1.2,0.5,0.4,0.9,0.444,0.2,0.3,0.667,0.667,0.0,0.0,0.7598213552361397,0.0,0.8,0.8,0.4,0.1,0.0,0.3,0.5,1.6,1836090.0
D.J. Augustin,PG,34,TOT,55,2,16.1,1.7,4.0,0.423,1.2,3.0,0.415,0.5,1.1,0.448,0.577,0.7,0.8,0.884,0.2,1.0,1.2,1.9,0.3,0.0,1.0,0.7,5.3,333333.0
D.J. Augustin,PG,34,HOU,34,2,15.0,1.6,4.0,0.404,1.1,2.8,0.406,0.5,1.2,0.4,0.548,1.0,1.1,0.868,0.2,1.0,1.2,2.2,0.3,0.0,1.3,0.5,5.4,333333.0
D.J. Augustin,PG,34,LAL,21,0,17.8,1.9,4.1,0.453,1.4,3.2,0.426,0.5,0.9,0.556,0.622,0.2,0.2,1.0,0.2,1.1,1.3,1.6,0.3,0.0,0.5,1.0,5.3,333333.0
Deni Avdija,SF,21,WAS,82,8,24.2,3.0,7.1,0.432,1.0,3.2,0.317,2.0,3.9,0.525,0.503,1.3,1.7,0.757,0.6,4.5,5.2,2.0,0.7,0.5,1.1,2.3,8.4,4916160.0
Deandre Ayton,C,23,PHO,58,58,29.5,7.6,12.0,0.634,0.1,0.3,0.368,7.5,11.7,0.642,0.639,1.8,2.4,0.746,2.6,7.7,10.2,1.4,0.7,0.7,1.6,2.4,17.2,30913750.0
Udoka Azubuike,C,22,UTA,17,6,11.5,2.2,2.9,0.755,0.0,0.0,0.3291231732776618,2.2,2.9,0.755,0.755,0.4,0.6,0.545,1.1,3.1,4.2,0.0,0.1,0.6,0.7,1.5,4.7,2174880.0
Marvin Bagley III,PF,22,TOT,48,25,23.9,4.7,9.3,0.504,0.5,2.0,0.237,4.2,7.3,0.579,0.53,1.4,2.1,0.663,2.2,4.9,7.0,0.8,0.5,0.4,0.8,1.9,11.3,12500000.0
Marvin Bagley III,PF,22,SAC,30,17,21.9,3.8,8.2,0.463,0.5,2.1,0.242,3.3,6.1,0.538,0.494,1.2,1.6,0.745,2.2,4.9,7.2,0.6,0.3,0.4,0.7,1.7,9.3,12500000.0
Marvin Bagley III,PF,22,DET,18,8,27.2,6.2,11.1,0.555,0.4,1.9,0.229,5.7,9.2,0.624,0.575,1.8,3.0,0.593,2.1,4.7,6.8,1.1,0.7,0.4,1.0,2.4,14.6,12500000.0
LaMelo Ball,PG,20,CHO,75,75,32.3,7.2,16.7,0.429,2.9,7.5,0.389,4.2,9.2,0.462,0.517,2.8,3.2,0.872,1.4,5.2,6.7,7.6,1.6,0.4,3.3,3.2,20.1,8623920.0
Lonzo Ball,PG,24,CHI,35,35,34.6,4.6,10.9,0.423,3.1,7.4,0.423,1.5,3.5,0.423,0.567,0.6,0.8,0.75,1.0,4.4,5.4,5.1,1.8,0.9,2.3,2.4,13.0,19534884.0
Mo Bamba,C,23,ORL,71,69,25.7,4.2,8.7,0.48,1.5,4.0,0.381,2.7,4.7,0.563,0.566,0.8,1.0,0.781,2.1,6.0,8.1,1.2,0.5,1.7,1.1,2.6,10.6,10300000.0
Desmond Bane,SG,23,MEM,76,76,29.8,6.7,14.5,0.461,3.0,6.9,0.436,3.7,7.6,0.484,0.565,1.8,2.0,0.903,0.6,3.8,4.4,2.7,1.2,0.4,1.5,2.6,18.2,2130240.0
Dalano Banton,PG,22,TOR,64,1,10.9,1.3,3.2,0.411,0.2,0.8,0.255,1.1,2.4,0.464,0.443,0.4,0.7,0.591,0.6,1.3,1.9,1.5,0.4,0.2,0.8,1.1,3.2,1563518.0
Harrison Barnes,PF,29,SAC,77,77,33.6,5.1,10.8,0.469,1.8,4.7,0.394,3.2,6.2,0.525,0.554,4.4,5.4,0.826,1.1,4.5,5.6,2.4,0.7,0.2,1.5,1.2,16.4,18352273.0
Scottie Barnes,PF,20,TOR,74,74,35.4,6.2,12.6,0.492,0.8,2.6,0.301,5.4,10.0,0.543,0.524,2.1,2.9,0.735,2.6,4.9,7.5,3.5,1.1,0.7,1.8,2.6,15.3,7644600.0
RJ Barrett,SF,21,NYK,70,70,34.5,7.0,17.1,0.408,2.0,5.8,0.342,5.0,11.3,0.442,0.466,4.1,5.8,0.714,0.9,4.9,5.8,3.0,0.6,0.2,2.2,2.0,20.0,10900635.0
Will Barton,SG,31,DEN,71,71,32.1,5.5,12.6,0.438,2.2,6.1,0.365,3.3,6.6,0.504,0.525,1.4,1.8,0.803,0.6,4.2,4.8,3.9,0.8,0.4,1.8,1.6,14.7,14375000.0
Charles Bassey,C,21,PHI,23,0,7.3,1.3,2.0,0.638,0.0,0.2,0.0,1.3,1.9,0.698,0.638,0.4,0.5,0.75,1.0,1.7,2.7,0.3,0.2,0.7,0.3,1.4,3.0,74742.0
Keita Bates-Diop,SF,26,SAS,59,14,16.2,2.3,4.5,0.517,0.3,0.9,0.309,2.0,3.5,0.572,0.549,0.8,1.0,0.754,1.1,2.9,3.9,0.7,0.5,0.2,0.8,1.0,5.7,1878720.0
Nicolas Batum,PF,33,LAC,59,54,24.8,3.0,6.6,0.463,1.8,4.6,0.4,1.2,2.0,0.607,0.602,0.4,0.6,0.658,0.5,3.8,4.3,1.7,1.0,0.7,0.7,1.4,8.3,19700319.0
Nicolas Batum,PF,33,LAC,59,54,24.8,3.0,6.6,0.463,1.8,4.6,0.4,1.2,2.0,0.607,0.602,0.4,0.6,0.658,0.5,3.8,4.3,1.7,1.0,0.7,0.7,1.4,8.3,19700319.0
Darius Bazley,PF,21,OKC,69,53,27.9,4.0,9.4,0.422,1.2,3.9,0.297,2.8,5.5,0.511,0.484,1.7,2.5,0.688,1.0,5.3,6.3,1.4,0.8,1.0,1.3,1.0,10.8,4264629.0
Bradley Beal,SG,28,WAS,40,40,36.0,8.7,19.3,0.451,1.6,5.3,0.3,7.1,14.0,0.508,0.492,4.2,5.1,0.833,1.0,3.8,4.7,6.6,0.9,0.4,3.4,2.4,23.2,43279250.0
Malik Beasley,SG,25,MIN,79,18,25.0,4.2,10.8,0.391,3.0,8.1,0.377,1.2,2.7,0.432,0.532,0.6,0.8,0.817,0.3,2.5,2.9,1.5,0.5,0.2,0.5,1.1,12.1,15558035.0
Patrick Beverley,PG,33,MIN,58,54,25.4,3.1,7.5,0.406,1.4,4.2,0.343,1.6,3.3,0.485,0.501,1.7,2.3,0.722,1.1,3.1,4.1,4.6,1.2,0.9,1.3,3.0,9.2,13000000.0
Saddiq Bey,SF,22,DET,82,82,33.0,5.5,13.9,0.396,2.6,7.4,0.346,2.9,6.4,0.454,0.489,2.6,3.1,0.827,1.3,4.1,5.4,2.8,0.9,0.2,1.2,1.6,16.1,2959080.0
Khem Birch,C,29,TOR,55,28,18.0,1.8,3.6,0.485,0.0,0.3,0.0,1.8,3.4,0.522,0.485,1.0,1.3,0.746,2.2,2.1,4.3,1.0,0.5,0.5,0.5,1.9,4.5,6667500.0
Goga Bitadze,C,22,IND,50,16,14.6,2.6,5.0,0.52,0.5,1.6,0.288,2.2,3.4,0.628,0.565,1.3,1.9,0.681,1.6,2.0,3.5,1.1,0.4,0.8,0.9,2.1,7.0,4765339.0
Bismack Biyombo,C,29,PHO,36,3,14.1,2.4,4.0,0.593,0.0,0.0,0.3291231732776618,2.4,4.0,0.593,0.593,1.1,2.0,0.535,1.8,2.9,4.6,0.6,0.3,0.7,0.7,1.9,5.8,1836090.0
Eric Bledsoe,PG,32,LAC,54,29,25.2,3.6,8.7,0.421,0.9,3.0,0.313,2.7,5.6,0.479,0.475,1.6,2.2,0.761,0.5,2.9,3.4,4.2,1.3,0.4,2.1,1.6,9.9,1300000.0
Bol Bol,PF,22,DEN,14,0,5.8,1.1,1.9,0.556,0.1,0.3,0.25,1.0,1.6,0.609,0.574,0.1,0.4,0.4,0.3,1.1,1.4,0.4,0.1,0.1,0.3,0.3,2.4,2200000.0
Leandro Bolmaro,SF,21,MIN,35,2,6.9,0.5,1.5,0.315,0.1,0.5,0.278,0.3,1.0,0.333,0.361,0.3,0.4,0.846,0.5,0.8,1.2,0.6,0.2,0.0,0.4,0.7,1.4,2471160.0
Devin Booker,SG,25,PHO,68,68,34.5,9.7,20.9,0.466,2.7,7.0,0.383,7.0,13.9,0.508,0.53,4.6,5.3,0.868,0.7,4.4,5.0,4.8,1.1,0.4,2.4,2.6,26.8,33833400.0
Brandon Boston Jr.,SG,20,LAC,51,0,14.9,2.5,6.4,0.385,0.7,2.2,0.306,1.8,4.2,0.425,0.437,1.2,1.4,0.819,0.3,1.8,2.2,1.0,0.5,0.3,0.6,0.8,6.7,1563518.0
Chris Boucher,SF,29,TOR,80,9,21.1,3.4,7.2,0.464,0.9,2.9,0.297,2.5,4.4,0.575,0.523,1.9,2.4,0.777,2.2,3.9,6.2,0.3,0.6,0.9,0.5,2.2,9.4,12690000.0
James Bouknight,SG,21,CHO,31,0,9.8,1.6,4.5,0.348,0.5,1.6,0.347,1.0,3.0,0.348,0.408,0.9,1.0,0.871,0.7,1.0,1.7,0.8,0.2,0.0,0.5,0.9,4.6,4362240.0
Tony Bradley,C,24,CHI,55,7,10.0,1.3,2.2,0.585,0.0,0.0,0.3291231732776618,1.3,2.2,0.585,0.585,0.3,0.5,0.655,1.2,2.2,3.4,0.5,0.2,0.6,0.6,1.1,3.0,2036318.0
Mikal Bridges,SF,25,PHO,82,82,34.8,5.6,10.5,0.534,1.4,3.8,0.369,4.2,6.7,0.628,0.601,1.6,1.9,0.834,0.9,3.3,4.2,2.3,1.2,0.4,0.8,1.8,14.2,20100000.0
Oshae Brissett,SF,23,IND,67,25,23.3,3.1,7.6,0.411,1.2,3.5,0.35,1.9,4.0,0.465,0.493,1.7,2.4,0.695,1.6,3.7,5.3,1.1,0.7,0.4,0.8,1.7,9.1,1846738.0
Malcolm Brogdon,PG,29,IND,36,36,33.5,6.8,15.1,0.448,1.6,5.2,0.312,5.1,9.9,0.518,0.501,4.0,4.6,0.856,0.9,4.2,5.1,5.9,0.8,0.4,2.1,2.0,19.1,22600000.0
Dillon Brooks,SF,26,MEM,32,31,27.7,7.1,16.4,0.432,1.4,4.7,0.309,5.7,11.8,0.48,0.475,2.8,3.3,0.849,0.9,2.3,3.2,2.8,1.1,0.3,1.6,3.3,18.4,11400000.0
Bruce Brown,SF,25,BRK,72,45,24.6,3.6,7.0,0.506,0.5,1.3,0.404,3.0,5.7,0.529,0.543,1.3,1.8,0.758,1.4,3.4,4.8,2.1,1.1,0.7,0.8,2.4,9.0,6479000.0
Greg Brown III,SF,20,POR,48,6,13.3,1.7,4.0,0.426,0.4,1.3,0.311,1.3,2.7,0.481,0.476,0.9,1.4,0.677,0.8,2.0,2.8,0.7,0.5,0.5,0.8,1.9,4.7,1563518.0
Jaylen Brown,SF,25,BOS,66,66,33.6,8.7,18.4,0.473,2.5,7.0,0.358,6.2,11.4,0.544,0.541,3.7,4.8,0.758,0.8,5.3,6.1,3.5,1.1,0.3,2.7,2.5,23.6,28741071.0
Sterling Brown,SG,26,DAL,49,3,12.8,1.2,3.2,0.381,0.6,1.9,0.304,0.6,1.3,0.492,0.471,0.3,0.3,0.933,0.5,2.5,3.0,0.7,0.3,0.1,0.5,1.1,3.3,3000000.0
Troy Brown Jr.,SF,22,CHI,66,7,16.0,1.6,3.9,0.419,0.7,2.0,0.353,0.9,1.9,0.488,0.51,0.3,0.4,0.769,0.6,2.5,3.1,1.0,0.5,0.1,0.4,0.9,4.3,1836090.0
Jalen Brunson,SG,25,DAL,79,61,31.9,6.4,12.8,0.502,1.2,3.2,0.373,5.2,9.6,0.545,0.549,2.3,2.7,0.84,0.5,3.4,3.9,4.8,0.8,0.0,1.6,1.9,16.3,27733332.0
Thomas Bryant,C,24,WAS,27,9,16.3,2.9,5.5,0.52,0.4,1.6,0.286,2.4,3.9,0.613,0.561,1.3,1.5,0.875,1.0,3.0,4.0,0.9,0.2,0.8,0.7,1.6,7.4,1836090.0
Reggie Bullock,SF,30,DAL,68,37,28.0,3.0,7.4,0.401,2.1,5.8,0.36,0.9,1.6,0.55,0.542,0.6,0.7,0.833,0.5,3.1,3.5,1.2,0.6,0.2,0.6,1.6,8.6,10012800.0
Alec Burks,SG,30,NYK,81,44,28.6,3.5,9.0,0.391,1.9,4.8,0.404,1.6,4.2,0.378,0.499,2.7,3.3,0.822,0.6,4.3,4.9,3.0,1.0,0.3,1.1,2.7,11.7,10012800.0
Jared Butler,SG,21,UTA,42,1,8.6,1.5,3.6,0.404,0.7,2.1,0.318,0.8,1.5,0.524,0.497,0.3,0.4,0.688,0.1,1.0,1.1,1.5,0.4,0.2,0.8,1.1,3.8,1563518.0
Jimmy Butler,SF,32,MIA,57,57,33.9,7.0,14.5,0.48,0.5,2.0,0.233,6.5,12.5,0.52,0.496,6.9,8.0,0.87,1.8,4.1,5.9,5.5,1.6,0.5,2.1,1.5,21.4,37653300.0
Kentavious Caldwell-Pope,SG,28,WAS,77,77,30.2,4.7,10.8,0.435,2.1,5.3,0.39,2.6,5.5,0.48,0.531,1.8,2.0,0.89,0.5,2.9,3.4,1.9,1.1,0.3,1.3,1.8,13.2,14004703.0
Facundo Campazzo,PG,30,DEN,65,4,18.2,1.6,4.6,0.361,0.9,3.0,0.301,0.8,1.6,0.476,0.459,0.9,1.2,0.769,0.4,1.4,1.8,3.4,1.0,0.4,1.0,1.9,5.1,1836090.0
Clint Capela,C,27,ATL,74,73,27.6,5.0,8.2,0.613,0.0,0.0,0.0,5.0,8.1,0.614,0.613,1.1,2.3,0.473,3.8,8.1,11.9,1.2,0.7,1.3,0.6,2.2,11.1,18706896.0
Vernon Carey Jr.,C,20,TOT,7,1,6.3,1.0,1.9,0.538,0.0,0.0,0.3291231732776618,1.0,1.9,0.538,0.538,0.9,1.9,0.462,1.1,0.6,1.7,0.0,0.3,0.1,0.4,0.6,2.9,1782621.0
Vernon Carey Jr.,C,20,CHO,4,1,4.3,0.8,1.5,0.5,0.0,0.0,0.3291231732776618,0.8,1.5,0.5,0.5,0.5,0.8,0.667,0.8,0.5,1.3,0.0,0.3,0.0,0.3,0.3,2.0,1782621.0
Vernon Carey Jr.,C,20,WAS,3,0,9.0,1.3,2.3,0.571,0.0,0.0,0.3291231732776618,1.3,2.3,0.571,0.571,1.3,3.3,0.4,1.7,0.7,2.3,0.0,0.3,0.3,0.7,1.0,4.0,1782621.0
Jevon Carter,PG,26,TOT,66,3,13.7,1.5,3.8,0.387,1.0,2.6,0.388,0.5,1.3,0.386,0.518,0.2,0.3,0.833,0.2,1.5,1.7,1.5,0.4,0.2,0.5,1.0,4.2,6025000.0
Jevon Carter,PG,26,TOT,66,3,13.7,1.5,3.8,0.387,1.0,2.6,0.388,0.5,1.3,0.386,0.518,0.2,0.3,0.833,0.2,1.5,1.7,1.5,0.4,0.2,0.5,1.0,4.2,6025000.0
Jevon Carter,PG,26,BRK,46,1,12.0,1.3,3.8,0.333,0.9,2.8,0.331,0.3,1.0,0.34,0.454,0.2,0.2,0.7,0.2,1.3,1.5,1.0,0.3,0.2,0.6,1.0,3.6,6025000.0
Jevon Carter,PG,26,BRK,46,1,12.0,1.3,3.8,0.333,0.9,2.8,0.331,0.3,1.0,0.34,0.454,0.2,0.2,0.7,0.2,1.3,1.5,1.0,0.3,0.2,0.6,1.0,3.6,6025000.0
Jevon Carter,PG,26,MIL,20,2,17.7,2.0,4.0,0.506,1.2,2.2,0.558,0.8,1.8,0.444,0.658,0.4,0.4,1.0,0.3,1.9,2.2,2.5,0.5,0.2,0.4,1.1,5.6,6025000.0
Jevon Carter,PG,26,MIL,20,2,17.7,2.0,4.0,0.506,1.2,2.2,0.558,0.8,1.8,0.444,0.658,0.4,0.4,1.0,0.3,1.9,2.2,2.5,0.5,0.2,0.4,1.1,5.6,6025000.0
Wendell Carter Jr.,PF,22,ORL,62,61,29.9,5.8,11.0,0.525,1.1,3.5,0.327,4.7,7.6,0.615,0.576,2.3,3.3,0.691,2.2,8.2,10.5,2.8,0.6,0.7,1.9,2.7,15.0,14150000.0
Alex Caruso,SG,27,CHI,41,18,28.0,2.5,6.2,0.398,1.0,3.1,0.333,1.5,3.2,0.462,0.48,1.4,1.8,0.795,0.8,2.8,3.6,4.0,1.7,0.4,1.4,2.6,7.4,9030000.0
Justin Champagnie,SF,20,TOR,36,0,7.8,0.9,1.9,0.463,0.3,0.8,0.357,0.6,1.1,0.538,0.537,0.3,0.3,1.0,1.0,1.0,2.0,0.3,0.2,0.1,0.2,0.9,2.3,1637966.0
Marquese Chriss,PF,24,DAL,34,0,10.2,1.8,3.9,0.463,0.2,0.7,0.32,1.6,3.2,0.495,0.493,0.6,1.0,0.667,1.0,2.1,3.0,0.5,0.4,0.4,0.5,1.9,4.5,2193920.0
Josh Christopher,SG,20,HOU,74,2,18.0,3.0,6.8,0.448,0.8,2.6,0.296,2.3,4.2,0.54,0.504,1.1,1.5,0.735,0.7,1.8,2.5,2.0,0.9,0.2,1.5,1.3,7.9,2372160.0
Brandon Clarke,PF,25,MEM,64,1,19.5,4.5,7.0,0.644,0.1,0.3,0.227,4.4,6.6,0.666,0.65,1.3,2.0,0.654,2.1,3.2,5.3,1.3,0.6,1.1,0.5,1.9,10.4,4343920.0
Jordan Clarkson,SG,29,UTA,79,1,27.1,5.9,14.1,0.419,2.4,7.6,0.318,3.5,6.5,0.535,0.504,1.8,2.2,0.828,0.8,2.6,3.5,2.5,0.8,0.2,1.6,1.9,16.0,13340000.0
Nic Claxton,C,22,BRK,47,19,20.7,3.8,5.6,0.674,0.0,0.0,0.3291231732776618,3.8,5.6,0.674,0.674,1.1,2.0,0.581,1.9,3.7,5.6,0.9,0.5,1.1,0.8,2.3,8.7,8500000.0
Amir Coffey,SG,24,LAC,69,30,22.7,3.1,6.8,0.453,1.4,3.7,0.378,1.7,3.1,0.542,0.556,1.5,1.7,0.863,0.4,2.5,2.9,1.8,0.6,0.2,0.7,1.3,9.0,3395062.0
John Collins,PF,24,ATL,54,53,30.8,6.3,11.9,0.526,1.2,3.3,0.364,5.1,8.7,0.588,0.576,2.5,3.1,0.793,1.7,6.1,7.8,1.8,0.6,1.0,1.1,3.0,16.2,23500000.0
Zach Collins,C,24,SAS,28,4,17.9,2.7,5.5,0.49,0.5,1.5,0.341,2.2,4.1,0.544,0.535,1.9,2.3,0.8,1.6,3.8,5.5,2.2,0.5,0.8,1.6,2.4,7.8,7350000.0
Mike Conley,PG,34,UTA,72,72,28.6,4.8,11.0,0.435,2.3,5.8,0.408,2.4,5.2,0.464,0.542,1.8,2.3,0.796,0.7,2.4,3.0,5.3,1.3,0.3,1.7,2.0,13.7,22680000.0
Pat Connaughton,SF,29,MIL,65,19,26.0,3.5,7.6,0.458,2.2,5.7,0.395,1.2,1.9,0.643,0.605,0.7,0.8,0.833,0.7,3.5,4.2,1.3,0.9,0.2,0.5,1.3,9.9,5728393.0
Robert Covington,PF,31,TOT,71,42,27.3,2.9,7.0,0.42,1.8,4.8,0.378,1.1,2.2,0.509,0.548,0.8,1.0,0.841,0.8,4.7,5.5,1.3,1.5,1.3,1.1,2.7,8.5,12307692.0
Robert Covington,PF,31,POR,48,40,29.8,2.7,7.0,0.381,1.6,4.8,0.343,1.0,2.2,0.462,0.499,0.6,0.8,0.833,0.9,4.9,5.7,1.4,1.5,1.3,1.2,2.8,7.6,12307692.0
Robert Covington,PF,31,LAC,23,2,22.1,3.5,7.0,0.5,2.1,4.7,0.45,1.4,2.3,0.604,0.651,1.2,1.4,0.848,0.8,4.3,5.1,1.0,1.3,1.2,0.7,2.5,10.4,12307692.0
Torrey Craig,SF,31,TOT,78,16,20.5,2.6,5.7,0.454,1.0,3.0,0.329,1.6,2.7,0.594,0.541,0.5,0.7,0.75,1.1,2.9,4.0,1.2,0.6,0.5,0.9,1.9,6.6,5121951.0
Torrey Craig,SF,31,IND,51,14,20.3,2.5,5.5,0.456,0.9,2.7,0.333,1.6,2.8,0.573,0.537,0.5,0.7,0.771,1.2,2.7,3.8,1.1,0.5,0.4,0.8,1.9,6.5,5121951.0
Torrey Craig,SF,31,PHO,27,2,20.8,2.7,5.9,0.45,1.1,3.6,0.323,1.5,2.4,0.641,0.547,0.4,0.6,0.706,1.0,3.3,4.3,1.2,0.8,0.6,1.0,2.1,6.9,5121951.0
Jae Crowder,PF,31,PHO,67,67,28.1,3.2,8.1,0.399,1.9,5.4,0.348,1.3,2.7,0.503,0.516,1.1,1.3,0.789,0.4,4.8,5.3,1.9,1.4,0.4,0.8,2.6,9.4,10183800.0
Cade Cunningham,SG,20,DET,64,64,32.6,6.7,16.1,0.416,1.8,5.7,0.314,4.9,10.4,0.472,0.471,2.2,2.6,0.845,0.9,4.6,5.5,5.6,1.2,0.7,3.7,3.1,17.4,10552800.0
Seth Curry,SG,31,TOT,64,64,33.4,5.6,11.5,0.487,2.5,5.8,0.422,3.2,5.7,0.553,0.594,1.3,1.5,0.872,0.3,2.8,3.1,3.6,0.8,0.2,1.7,2.3,15.0,8496653.0
Seth Curry,SG,31,PHI,45,45,34.8,5.7,11.7,0.485,2.2,5.6,0.4,3.5,6.2,0.561,0.58,1.4,1.6,0.877,0.4,3.0,3.4,4.0,0.8,0.2,1.9,2.2,15.0,8496653.0
Seth Curry,SG,31,BRK,19,19,29.9,5.5,11.1,0.493,3.1,6.5,0.468,2.4,4.6,0.529,0.63,0.9,1.1,0.857,0.2,2.4,2.6,2.6,0.9,0.2,1.3,2.5,14.9,8496653.0
Stephen Curry,PG,33,GSW,64,64,34.5,8.4,19.1,0.437,4.5,11.7,0.38,3.9,7.4,0.527,0.554,4.3,4.7,0.923,0.5,4.7,5.2,6.3,1.3,0.4,3.2,2.0,25.5,48070014.0
Anthony Davis,C,28,LAL,40,40,35.1,9.3,17.4,0.532,0.3,1.8,0.186,8.9,15.6,0.571,0.542,4.4,6.1,0.713,2.7,7.2,9.9,3.1,1.2,2.3,2.1,2.4,23.2,37980720.0
Terence Davis,SG,24,SAC,30,11,17.9,3.8,8.9,0.423,1.6,5.0,0.329,2.1,3.9,0.542,0.515,1.2,1.5,0.818,0.4,2.8,3.1,1.3,0.8,0.4,1.1,2.3,10.4,4000000.0
Dewayne Dedmon,C,32,MIA,67,15,15.9,2.4,4.3,0.566,0.3,0.7,0.404,2.2,3.6,0.597,0.598,1.1,1.5,0.75,1.6,4.2,5.8,0.7,0.4,0.6,1.0,2.6,6.3,7566667.0
Dewayne Dedmon,C,32,MIA,67,15,15.9,2.4,4.3,0.566,0.3,0.7,0.404,2.2,3.6,0.597,0.598,1.1,1.5,0.75,1.6,4.2,5.8,0.7,0.4,0.6,1.0,2.6,6.3,7566667.0
DeMar DeRozan,PF,32,CHI,76,76,36.1,10.2,20.2,0.504,0.7,1.9,0.352,9.5,18.3,0.52,0.521,6.8,7.8,0.877,0.7,4.4,5.2,4.9,0.9,0.3,2.4,2.3,27.9,27300000.0
Hamidou Diallo,SG,23,DET,58,29,21.9,4.5,9.1,0.496,0.4,1.6,0.247,4.1,7.5,0.55,0.518,1.6,2.4,0.65,1.2,3.6,4.8,1.3,1.2,0.3,1.0,2.5,11.0,5200000.0
Gorgui Dieng,C,32,ATL,44,3,8.4,1.2,2.5,0.473,0.7,1.5,0.426,0.5,1.0,0.545,0.603,0.4,0.6,0.731,0.7,2.0,2.8,0.8,0.3,0.3,0.5,1.2,3.5,1836090.0
Spencer Dinwiddie,PG-SG,28,TOT,67,51,29.6,4.6,11.0,0.416,1.7,4.9,0.339,2.9,6.0,0.479,0.493,2.9,3.8,0.774,0.7,3.5,4.2,5.2,0.7,0.2,1.6,2.2,13.7,20171427.0
Spencer Dinwiddie,PG,28,WAS,44,44,30.2,4.2,11.2,0.376,1.6,5.1,0.31,2.6,6.0,0.432,0.447,2.6,3.3,0.811,0.8,3.9,4.7,5.8,0.6,0.2,1.7,2.4,12.6,20171427.0
Spencer Dinwiddie,SG,28,DAL,23,7,28.3,5.3,10.6,0.498,1.8,4.5,0.404,3.4,6.0,0.568,0.584,3.4,4.7,0.725,0.4,2.7,3.1,3.9,0.7,0.3,1.3,1.9,15.8,20171427.0
Donte DiVincenzo,SG,25,TOT,42,1,24.0,2.8,8.0,0.351,1.8,5.2,0.339,1.0,2.8,0.373,0.461,1.7,2.0,0.843,1.0,3.1,4.0,2.8,1.1,0.2,1.7,1.6,9.0,4500000.0
Donte DiVincenzo,SG,25,MIL,17,0,20.1,2.3,6.9,0.331,1.2,4.4,0.284,1.1,2.6,0.409,0.419,1.4,1.6,0.852,1.1,2.5,3.5,1.7,0.6,0.2,1.6,1.5,7.2,4500000.0
Donte DiVincenzo,SG,25,SAC,25,1,26.6,3.2,8.7,0.362,2.1,5.8,0.368,1.0,3.0,0.351,0.484,1.9,2.2,0.839,0.9,3.5,4.4,3.6,1.5,0.2,1.8,1.7,10.3,4500000.0
Luguentz Dort,SG,22,OKC,51,51,32.6,5.7,14.2,0.404,2.5,7.7,0.332,3.2,6.6,0.487,0.493,3.2,3.7,0.843,0.7,3.4,4.2,1.7,0.9,0.4,1.7,2.9,17.2,15277778.0
Ayo Dosunmu,SG,22,CHI,77,40,27.4,3.6,6.9,0.52,0.9,2.4,0.376,2.7,4.5,0.596,0.585,0.7,1.0,0.679,0.4,2.4,2.8,3.3,0.8,0.4,1.4,2.4,8.8,1563518.0
Andre Drummond,C,28,TOT,73,36,19.7,3.4,5.9,0.57,0.0,0.0,0.0,3.4,5.9,0.574,0.57,1.2,2.2,0.524,3.1,6.2,9.3,1.8,1.1,0.9,1.6,2.6,7.9,3200000.0
Andre Drummond,C,28,PHI,49,12,18.4,2.6,4.9,0.538,0.0,0.0,0.0,2.6,4.8,0.542,0.538,0.9,1.7,0.512,2.8,6.1,8.8,2.0,1.1,0.9,1.6,2.5,6.1,3200000.0
Andre Drummond,C,28,BRK,24,24,22.3,5.0,8.1,0.61,0.0,0.0,0.0,5.0,8.1,0.613,0.61,1.8,3.4,0.537,3.9,6.4,10.3,1.4,0.9,1.0,1.5,3.0,11.8,3200000.0
Chris Duarte,SG,24,IND,55,39,28.0,4.9,11.3,0.432,1.7,4.6,0.369,3.2,6.7,0.475,0.507,1.6,2.0,0.804,0.7,3.4,4.1,2.1,1.0,0.2,1.6,1.7,13.1,3936960.0
Kevin Durant,PF,33,BRK,55,55,37.2,10.5,20.3,0.518,2.1,5.5,0.383,8.4,14.8,0.568,0.57,6.8,7.4,0.91,0.5,6.9,7.4,6.4,0.9,0.9,3.5,2.1,29.9,44119845.0
Anthony Edwards,SG,20,MIN,72,72,34.3,7.6,17.3,0.441,3.0,8.4,0.357,4.6,8.9,0.519,0.527,3.1,3.9,0.786,0.9,3.9,4.8,3.8,1.5,0.6,2.6,2.3,21.3,10733400.0
Kessler Edwards,SF,21,BRK,48,23,20.6,2.3,5.6,0.412,1.0,2.8,0.353,1.3,2.7,0.473,0.502,0.3,0.4,0.842,0.9,2.7,3.6,0.6,0.6,0.5,0.9,1.8,5.9,1637966.0
Joel Embiid,C,27,PHI,68,68,33.8,9.8,19.6,0.499,1.4,3.7,0.371,8.4,15.9,0.529,0.534,9.6,11.8,0.814,2.1,9.6,11.7,4.2,1.1,1.5,3.1,2.7,30.6,33616770.0
Drew Eubanks,C,24,TOT,71,31,17.5,3.1,5.2,0.596,0.1,0.3,0.217,3.0,4.9,0.621,0.602,1.4,1.8,0.762,1.8,3.5,5.4,1.2,0.4,0.6,1.1,1.7,7.7,1836090.0
Drew Eubanks,C,24,SAS,49,9,12.1,1.7,3.2,0.528,0.0,0.2,0.125,1.7,3.1,0.55,0.531,1.2,1.6,0.747,1.3,2.7,4.0,1.0,0.3,0.6,0.9,1.2,4.7,1836090.0
Drew Eubanks,C,24,POR,22,22,29.5,6.2,9.6,0.646,0.2,0.7,0.267,6.0,9.0,0.675,0.656,1.8,2.3,0.784,3.0,5.5,8.5,1.6,0.8,0.5,1.6,2.8,14.5,1836090.0
Derrick Favors,C,30,OKC,39,18,16.7,2.4,4.7,0.516,0.1,0.4,0.125,2.4,4.3,0.554,0.522,0.4,0.6,0.64,1.5,3.2,4.7,0.6,0.4,0.3,0.2,1.6,5.3,10183800.0
Bruno Fernando,C,23,TOT,30,0,5.1,1.2,1.8,0.655,0.0,0.1,0.5,1.2,1.8,0.66,0.664,0.5,0.8,0.625,0.6,1.2,1.8,0.2,0.0,0.4,0.5,0.8,2.9,2717391.0
Bruno Fernando,C,23,BOS,20,0,2.9,0.4,0.7,0.5,0.1,0.1,1.0,0.3,0.7,0.462,0.536,0.2,0.3,0.8,0.4,0.4,0.8,0.2,0.0,0.2,0.3,0.3,1.0,2717391.0
Bruno Fernando,C,23,HOU,10,0,9.4,2.9,4.1,0.707,0.0,0.1,0.0,2.9,4.0,0.725,0.707,1.1,1.9,0.579,1.1,2.9,4.0,0.3,0.1,0.8,0.9,1.8,6.9,2717391.0
Dorian Finney-Smith,PF,28,DAL,80,80,33.1,4.1,8.7,0.471,2.2,5.4,0.395,1.9,3.2,0.599,0.595,0.7,1.0,0.675,1.5,3.2,4.7,1.9,1.1,0.5,1.0,2.3,11.0,12402000.0
Malik Fitts,PF,24,TOT,15,0,4.2,0.5,1.3,0.421,0.3,0.7,0.5,0.2,0.6,0.333,0.553,0.0,0.0,0.7598213552361397,0.1,1.0,1.1,0.3,0.0,0.0,0.1,0.3,1.4,555217.0
Malik Fitts,PF,24,UTA,7,0,5.0,0.3,1.3,0.222,0.3,0.6,0.5,0.0,0.7,0.0,0.333,0.0,0.0,0.7598213552361397,0.0,1.4,1.4,0.0,0.0,0.0,0.3,0.4,0.9,555217.0
Malik Fitts,PF,24,BOS,8,0,3.5,0.8,1.3,0.6,0.4,0.8,0.5,0.4,0.5,0.75,0.75,0.0,0.0,0.7598213552361397,0.3,0.6,0.9,0.6,0.0,0.0,0.0,0.1,1.9,555217.0
Malachi Flynn,PG,23,TOR,44,5,12.2,1.6,4.2,0.393,0.7,2.0,0.333,1.0,2.1,0.452,0.475,0.3,0.5,0.625,0.2,1.2,1.4,1.6,0.5,0.1,0.3,1.0,4.3,2145720.0
Bryn Forbes,SG,28,TOT,75,2,17.1,3.1,7.2,0.429,1.6,3.9,0.414,1.5,3.3,0.447,0.542,1.1,1.2,0.908,0.1,1.1,1.2,1.0,0.3,0.1,0.7,1.3,8.8,1836090.0
Bryn Forbes,SG,28,SAS,40,1,16.9,3.2,7.4,0.432,1.6,3.8,0.417,1.6,3.6,0.448,0.539,1.1,1.2,0.898,0.1,1.5,1.6,1.0,0.4,0.1,0.8,1.1,9.1,1836090.0
Bryn Forbes,SG,28,DEN,35,1,17.4,2.9,6.9,0.424,1.7,4.1,0.41,1.3,2.8,0.444,0.545,1.0,1.1,0.921,0.2,0.7,0.9,1.0,0.2,0.1,0.7,1.5,8.6,1836090.0
Evan Fournier,SG,29,NYK,80,80,29.5,5.0,12.1,0.417,3.0,7.7,0.389,2.0,4.3,0.465,0.541,1.0,1.4,0.708,0.4,2.2,2.6,2.1,1.0,0.3,1.3,2.3,14.1,18000000.0
De'Aaron Fox,PG,24,SAC,59,59,35.3,8.7,18.5,0.473,1.3,4.2,0.297,7.5,14.3,0.524,0.506,4.4,5.9,0.75,0.4,3.5,3.9,5.6,1.2,0.4,2.8,2.9,23.2,30351780.0
Markelle Fultz,PG,23,ORL,18,3,20.0,4.6,9.7,0.474,0.2,0.9,0.235,4.4,8.8,0.5,0.486,1.4,1.7,0.806,0.2,2.5,2.7,5.5,1.1,0.3,2.2,1.2,10.8,16500000.0
Wenyen Gabriel,PF,24,TOT,26,5,13.8,2.1,4.2,0.491,0.3,1.1,0.286,1.8,3.2,0.561,0.527,1.0,1.6,0.595,1.5,2.2,3.7,0.5,0.2,0.4,0.6,2.6,5.4,1878720.0
Wenyen Gabriel,PF,24,BRK,1,0,1.0,0.0,0.0,0.4665239043824701,0.0,0.0,0.3291231732776618,0.0,0.0,0.5331104417670682,0.5354163346613547,0.0,0.0,0.7598213552361397,0.0,1.0,1.0,0.0,0.0,0.0,0.0,0.0,0.0,1878720.0
Wenyen Gabriel,PF,24,LAC,6,0,7.7,0.8,2.2,0.385,0.3,0.8,0.4,0.5,1.3,0.375,0.462,0.3,0.7,0.5,0.8,1.5,2.3,0.3,0.2,0.3,0.5,1.8,2.3,1878720.0
Wenyen Gabriel,PF,24,LAL,19,5,16.4,2.6,5.1,0.505,0.3,1.2,0.261,2.3,3.9,0.581,0.536,1.2,2.0,0.605,1.8,2.5,4.3,0.6,0.2,0.5,0.7,3.0,6.7,1878720.0
Daniel Gafford,C,23,WAS,72,53,20.1,4.0,5.7,0.693,0.0,0.0,0.0,4.0,5.7,0.695,0.693,1.5,2.1,0.699,2.2,3.5,5.7,0.9,0.4,1.4,0.9,2.4,9.4,1930681.0
Danilo Gallinari,PF,33,ATL,66,18,25.3,3.9,9.0,0.434,1.7,4.5,0.381,2.2,4.6,0.485,0.528,2.1,2.4,0.904,0.5,4.1,4.7,1.5,0.4,0.2,0.6,1.4,11.7,16907880.0
Danilo Gallinari,PF,33,ATL,66,18,25.3,3.9,9.0,0.434,1.7,4.5,0.381,2.2,4.6,0.485,0.528,2.1,2.4,0.904,0.5,4.1,4.7,1.5,0.4,0.2,0.6,1.4,11.7,16907880.0
Darius Garland,PG,22,CLE,68,68,35.7,8.0,17.3,0.462,2.6,6.7,0.383,5.4,10.6,0.512,0.536,3.2,3.5,0.892,0.6,2.7,3.3,8.6,1.3,0.1,3.6,1.7,21.7,8920795.0
Usman Garuba,PF,19,HOU,24,2,10.0,0.8,1.8,0.432,0.2,0.8,0.25,0.6,1.0,0.583,0.489,0.2,0.3,0.714,0.9,2.6,3.5,0.7,0.4,0.5,0.3,1.2,2.0,2471160.0
Rudy Gay,PF,35,UTA,55,1,18.9,2.9,6.9,0.414,1.3,3.7,0.345,1.6,3.2,0.494,0.507,1.1,1.4,0.785,1.0,3.4,4.4,1.0,0.5,0.3,0.9,1.7,8.1,6184500.0
Paul George,PF,31,LAC,31,31,34.7,8.6,20.5,0.421,2.9,8.3,0.354,5.7,12.2,0.467,0.493,4.1,4.8,0.858,0.4,6.5,6.9,5.7,2.2,0.4,4.1,2.4,24.3,42492492.0
Taj Gibson,C,36,NYK,52,4,18.2,1.7,3.2,0.518,0.3,0.7,0.395,1.4,2.5,0.555,0.563,0.8,1.0,0.808,1.7,2.7,4.4,0.6,0.4,0.8,0.5,2.6,4.4,1836090.0
Josh Giddey,SF,19,OKC,54,54,31.5,5.2,12.4,0.419,1.0,3.9,0.263,4.2,8.5,0.492,0.461,1.0,1.5,0.709,1.8,6.0,7.8,6.4,0.9,0.4,3.2,1.6,12.5,6287400.0
Shai Gilgeous-Alexander,PG,23,OKC,56,56,34.7,8.5,18.8,0.453,1.6,5.3,0.3,6.9,13.5,0.514,0.496,5.9,7.2,0.81,0.7,4.3,5.0,5.9,1.3,0.8,2.8,2.5,24.5,30913750.0
Anthony Gill,PF,29,WAS,44,0,10.5,1.4,2.5,0.569,0.3,0.6,0.538,1.1,1.9,0.578,0.633,1.0,1.2,0.808,0.8,1.2,1.9,0.6,0.1,0.3,0.4,1.3,4.1,1836090.0
Rudy Gobert,C,29,UTA,66,66,32.1,5.5,7.7,0.713,0.0,0.1,0.0,5.5,7.6,0.718,0.713,4.6,6.7,0.69,3.7,11.0,14.7,1.1,0.7,2.1,1.8,2.7,15.6,38172414.0
Aaron Gordon,PF,26,DEN,75,75,31.7,5.8,11.1,0.52,1.2,3.5,0.335,4.6,7.7,0.605,0.573,2.3,3.1,0.743,1.7,4.2,5.9,2.5,0.6,0.6,1.8,2.0,15.0,19690909.0
Eric Gordon,SG,33,HOU,57,46,29.3,4.7,9.9,0.475,2.2,5.3,0.412,2.5,4.6,0.548,0.585,1.8,2.4,0.778,0.3,1.7,2.0,2.7,0.5,0.3,1.9,1.1,13.4,19568360.0
Devonte' Graham,PG,26,NOP,76,63,28.4,3.9,10.7,0.363,2.5,7.4,0.341,1.4,3.3,0.413,0.481,1.6,1.8,0.843,0.5,1.8,2.3,4.2,0.9,0.2,1.4,1.3,11.9,11550000.0
Jerami Grant,PF,27,DET,47,47,31.9,6.3,14.9,0.426,1.9,5.4,0.358,4.4,9.5,0.465,0.491,4.6,5.5,0.838,0.6,3.5,4.1,2.4,0.9,1.0,1.8,2.3,19.2,20955000.0
Danny Green,SF,34,PHI,62,28,21.8,2.0,5.2,0.394,1.7,4.4,0.38,0.4,0.8,0.469,0.555,0.2,0.2,0.786,0.5,2.0,2.5,1.0,1.0,0.6,0.7,1.7,5.9,10000000.0
Draymond Green,PF,31,GSW,46,44,28.9,2.9,5.6,0.525,0.3,1.2,0.296,2.6,4.4,0.586,0.556,1.3,2.0,0.659,1.0,6.3,7.3,7.0,1.3,1.1,3.0,3.0,7.5,25806468.0
Jalen Green,SG,19,HOU,67,67,31.9,6.1,14.2,0.426,2.3,6.8,0.343,3.7,7.4,0.502,0.508,2.8,3.5,0.797,0.5,2.9,3.4,2.6,0.7,0.3,2.0,1.5,17.3,9441840.0
JaMychal Green,PF,31,DEN,67,8,16.2,2.4,4.9,0.486,0.5,1.9,0.266,1.9,3.0,0.621,0.537,1.2,1.4,0.871,1.2,3.0,4.2,0.9,0.6,0.4,0.9,2.4,6.4,10036090.0
JaMychal Green,PF,31,DEN,67,8,16.2,2.4,4.9,0.486,0.5,1.9,0.266,1.9,3.0,0.621,0.537,1.2,1.4,0.871,1.2,3.0,4.2,0.9,0.6,0.4,0.9,2.4,6.4,10036090.0
Javonte Green,SF,28,CHI,65,45,23.4,2.7,5.0,0.542,0.6,1.6,0.356,2.2,3.4,0.625,0.597,1.2,1.5,0.833,1.4,2.8,4.2,0.9,1.0,0.5,0.5,2.0,7.2,1815677.0
Jeff Green,PF,35,DEN,75,63,24.7,3.7,7.1,0.524,0.7,2.2,0.315,3.0,4.8,0.62,0.574,2.2,2.6,0.833,0.5,2.5,3.1,1.3,0.4,0.4,0.9,2.0,10.3,4500000.0
Josh Green,SG,21,DAL,67,3,15.5,1.9,3.8,0.508,0.4,1.2,0.359,1.5,2.7,0.573,0.563,0.5,0.7,0.689,0.8,1.6,2.4,1.2,0.7,0.2,0.7,1.7,4.8,3098400.0
Blake Griffin,C,32,BRK,56,24,17.1,2.4,5.6,0.425,0.7,2.6,0.262,1.7,3.0,0.565,0.486,1.0,1.4,0.724,1.1,3.0,4.1,1.9,0.5,0.3,0.6,1.7,6.4,1836090.0
Quentin Grimes,SG,21,NYK,46,6,17.1,2.1,5.1,0.404,1.6,4.1,0.381,0.5,1.0,0.5,0.557,0.3,0.4,0.684,0.5,1.5,2.0,1.0,0.7,0.2,0.6,1.6,6.0,2277000.0
Rui Hachimura,PF,23,WAS,42,13,22.5,4.5,9.1,0.491,1.3,2.9,0.447,3.1,6.1,0.512,0.563,1.1,1.6,0.697,0.6,3.2,3.8,1.1,0.5,0.2,0.8,1.3,11.3,6263188.0
Tyrese Haliburton,SG-PG,21,TOT,77,77,35.0,5.6,11.8,0.473,2.1,5.1,0.414,3.5,6.8,0.517,0.562,2.1,2.5,0.842,0.8,3.2,4.0,8.2,1.7,0.6,2.6,1.6,15.3,4215120.0
Tyrese Haliburton,SG,21,SAC,51,51,34.5,5.3,11.5,0.457,2.0,4.9,0.413,3.2,6.5,0.491,0.546,1.7,2.0,0.837,0.8,3.1,3.9,7.4,1.7,0.7,2.3,1.4,14.3,4215120.0
Tyrese Haliburton,PG,21,IND,26,26,36.1,6.2,12.4,0.502,2.2,5.3,0.416,4.0,7.2,0.565,0.59,2.8,3.3,0.849,0.8,3.5,4.3,9.6,1.8,0.6,3.2,1.9,17.5,4215120.0
R.J. Hampton,SG,20,ORL,64,14,21.9,2.7,7.1,0.383,1.0,2.9,0.35,1.7,4.3,0.405,0.453,1.2,1.8,0.641,0.4,2.7,3.0,2.5,0.7,0.2,1.4,1.6,7.6,2412840.0
Tim Hardaway Jr.,SG,29,DAL,42,20,29.6,5.0,12.6,0.394,2.4,7.2,0.336,2.5,5.4,0.473,0.491,1.9,2.5,0.757,0.3,3.4,3.7,2.2,0.9,0.1,0.8,1.8,14.2,19602273.0
James Harden,PG,32,TOT,65,65,37.2,6.3,15.3,0.41,2.3,6.9,0.33,4.0,8.4,0.476,0.485,7.2,8.2,0.877,0.8,6.8,7.7,10.3,1.3,0.6,4.4,2.4,22.0,33000000.0
James Harden,PG,32,BRK,44,44,37.0,6.6,16.0,0.414,2.3,7.0,0.332,4.3,9.1,0.476,0.486,6.9,8.0,0.869,1.0,7.0,8.0,10.2,1.3,0.7,4.8,2.4,22.5,33000000.0
James Harden,PG,32,PHI,21,21,37.7,5.5,13.6,0.402,2.2,6.7,0.326,3.3,6.9,0.476,0.483,7.9,8.9,0.892,0.6,6.5,7.1,10.5,1.2,0.2,3.4,2.3,21.0,33000000.0
Maurice Harkless,SF,28,SAC,47,24,18.4,1.8,3.9,0.459,0.7,2.1,0.307,1.1,1.7,0.65,0.544,0.4,0.6,0.714,0.3,2.1,2.4,0.5,0.6,0.5,0.7,1.6,4.6,4564980.0
Montrezl Harrell,C,28,TOT,71,3,23.1,5.0,7.8,0.645,0.1,0.2,0.235,5.0,7.6,0.658,0.649,3.0,4.2,0.716,2.1,4.0,6.1,2.0,0.4,0.6,1.0,1.9,13.1,2463490.0
Montrezl Harrell,C,28,WAS,46,3,24.3,5.4,8.3,0.645,0.1,0.3,0.267,5.3,8.0,0.66,0.65,3.2,4.5,0.727,2.1,4.6,6.7,2.1,0.4,0.7,1.1,1.9,14.1,2463490.0
Montrezl Harrell,C,28,CHO,25,0,21.0,4.4,6.9,0.645,0.0,0.1,0.0,4.4,6.8,0.653,0.645,2.5,3.6,0.692,2.1,2.8,4.9,2.0,0.4,0.5,0.9,2.0,11.4,2463490.0
Gary Harris,SG,27,ORL,61,30,28.4,3.9,9.1,0.434,1.9,5.0,0.384,2.0,4.1,0.494,0.539,1.4,1.6,0.874,0.6,1.4,2.0,1.8,1.0,0.1,1.0,1.8,11.1,13000000.0
Joe Harris,SF,30,BRK,14,14,30.2,4.0,8.9,0.452,2.9,6.3,0.466,1.1,2.6,0.417,0.617,0.4,0.4,0.833,0.4,3.6,4.0,1.0,0.5,0.1,1.1,2.2,11.3,18642857.0
Tobias Harris,PF,29,PHI,73,73,34.8,6.8,14.0,0.482,1.4,3.8,0.367,5.4,10.2,0.525,0.532,2.3,2.8,0.842,1.1,5.7,6.8,3.5,0.6,0.6,1.6,2.2,17.2,37633050.0
Josh Hart,SG,26,TOT,54,53,33.2,5.3,10.5,0.504,1.4,3.9,0.343,4.0,6.6,0.601,0.569,3.0,3.9,0.758,1.1,6.0,7.2,4.1,1.1,0.2,2.1,2.8,14.9,12960000.0
Josh Hart,SG,26,NOP,41,40,33.5,4.8,9.4,0.505,1.0,3.2,0.323,3.7,6.2,0.598,0.56,2.8,3.8,0.753,1.3,6.5,7.8,4.1,1.1,0.3,2.0,2.9,13.4,12960000.0
Josh Hart,SG,26,POR,13,13,32.1,7.1,14.1,0.503,2.4,6.4,0.373,4.7,7.7,0.61,0.587,3.4,4.4,0.772,0.7,4.7,5.4,4.3,1.2,0.2,2.5,2.5,19.9,12960000.0
Isaiah Hartenstein,C,23,LAC,68,0,17.9,3.4,5.4,0.626,0.2,0.4,0.467,3.2,4.9,0.64,0.645,1.3,1.9,0.689,1.7,3.2,4.9,2.4,0.7,1.1,1.2,2.5,8.3,7804879.0
Udonis Haslem,C,41,MIA,13,0,6.4,1.1,2.4,0.452,0.1,0.3,0.25,1.0,2.1,0.481,0.468,0.2,0.2,1.0,0.3,1.6,1.9,0.3,0.1,0.1,0.4,1.2,2.5,1836090.0
Sam Hauser,SF,24,BOS,26,0,6.1,0.9,1.9,0.46,0.7,1.7,0.432,0.2,0.2,0.667,0.65,0.0,0.0,0.7598213552361397,0.2,0.9,1.1,0.4,0.0,0.1,0.1,0.3,2.5,1637966.0
Jaxson Hayes,C,21,NOP,70,28,20.0,3.5,5.7,0.616,0.3,0.8,0.351,3.2,4.9,0.66,0.641,2.1,2.7,0.766,1.6,2.9,4.5,0.6,0.5,0.8,0.8,2.2,9.3,6803012.0
Killian Hayes,PG,20,DET,66,40,25.0,2.7,7.0,0.383,0.7,2.5,0.263,2.0,4.4,0.452,0.431,0.9,1.1,0.77,0.5,2.6,3.2,4.2,1.2,0.5,1.7,2.8,6.9,5837760.0
Gordon Hayward,SF,31,CHO,49,48,31.9,5.8,12.6,0.459,1.8,4.5,0.391,4.0,8.1,0.496,0.528,2.6,3.0,0.846,0.8,3.8,4.6,3.6,1.0,0.4,1.7,1.7,15.9,30075000.0
Tyler Herro,SG,22,MIA,66,10,32.6,7.6,17.0,0.447,2.7,6.7,0.399,4.9,10.3,0.477,0.525,2.9,3.3,0.868,0.5,4.5,5.0,4.0,0.7,0.1,2.6,1.4,20.7,5722116.0
Buddy Hield,SG,29,TOT,81,32,30.9,5.5,13.6,0.406,3.2,8.8,0.366,2.3,4.7,0.482,0.526,1.4,1.6,0.874,0.8,3.5,4.4,2.8,0.9,0.3,1.9,2.3,15.6,21177750.0
Buddy Hield,SG,29,SAC,55,6,28.6,4.8,12.6,0.382,3.3,9.0,0.368,1.5,3.6,0.419,0.514,1.5,1.7,0.87,0.8,3.2,4.0,1.9,0.9,0.3,1.6,2.1,14.4,21177750.0
Buddy Hield,SG,29,IND,26,26,35.6,7.0,15.6,0.447,3.1,8.5,0.362,3.9,7.1,0.549,0.546,1.2,1.3,0.886,0.9,4.2,5.1,4.8,1.0,0.4,2.4,2.7,18.2,21177750.0
Haywood Highsmith,SF,25,MIA,19,1,8.6,0.8,2.4,0.348,0.5,1.5,0.321,0.4,0.9,0.389,0.446,0.1,0.3,0.4,0.5,0.8,1.4,0.3,0.1,0.2,0.2,0.7,2.3,1752638.0
George Hill,PG,35,MIL,54,17,23.2,2.2,5.1,0.429,0.8,2.5,0.306,1.4,2.6,0.546,0.504,1.1,1.1,0.919,0.7,2.2,2.9,2.2,0.8,0.1,0.8,1.3,6.2,4000000.0
Aaron Holiday,PG,25,TOT,63,15,16.2,2.4,5.4,0.447,0.6,1.6,0.379,1.8,3.7,0.477,0.504,0.9,1.1,0.868,0.4,1.6,1.9,2.4,0.7,0.1,1.1,1.5,6.3,1836090.0
Aaron Holiday,PG,25,WAS,41,14,16.2,2.4,5.2,0.467,0.6,1.6,0.343,1.9,3.6,0.524,0.521,0.7,0.9,0.8,0.2,1.4,1.6,1.9,0.6,0.2,1.0,1.5,6.1,1836090.0
Aaron Holiday,PG,25,PHO,22,1,16.3,2.3,5.6,0.411,0.7,1.6,0.444,1.6,4.0,0.398,0.476,1.4,1.5,0.939,0.7,1.8,2.5,3.4,0.8,0.0,1.3,1.5,6.8,1836090.0
Jrue Holiday,PG,31,MIL,67,64,32.9,7.1,14.2,0.501,2.0,4.8,0.411,5.2,9.4,0.547,0.57,2.0,2.7,0.761,1.0,3.5,4.5,6.8,1.6,0.4,2.7,2.0,18.3,33665040.0
Justin Holiday,SF-SG,32,TOT,74,65,27.8,3.5,8.9,0.394,2.4,6.5,0.367,1.1,2.4,0.467,0.528,0.7,0.8,0.806,0.4,2.2,2.6,1.7,0.8,0.4,0.9,2.1,10.1,6292440.0
Justin Holiday,SF,32,IND,49,40,28.9,3.9,9.3,0.415,2.6,6.9,0.378,1.3,2.5,0.516,0.553,0.7,0.8,0.829,0.4,2.4,2.8,1.8,0.7,0.4,1.0,2.1,11.0,6292440.0
Justin Holiday,SG,32,SAC,25,25,25.6,2.8,8.2,0.348,2.0,5.8,0.342,0.8,2.3,0.362,0.471,0.6,0.8,0.762,0.4,1.8,2.2,1.5,0.8,0.6,0.8,2.0,8.3,6292440.0
Richaun Holmes,C,28,SAC,45,37,23.9,4.4,6.7,0.66,0.0,0.1,0.4,4.4,6.6,0.664,0.663,1.6,2.0,0.778,2.1,5.0,7.0,1.1,0.4,0.9,1.2,2.8,10.4,11215260.0
Al Horford,C,35,BOS,69,69,29.1,3.9,8.2,0.467,1.3,3.8,0.336,2.6,4.4,0.582,0.546,1.2,1.4,0.842,1.6,6.1,7.7,3.4,0.7,1.3,0.9,1.9,10.2,26500000.0
Talen Horton-Tucker,SG,21,LAL,60,19,25.2,3.7,9.0,0.416,0.8,3.0,0.269,2.9,5.9,0.492,0.462,1.7,2.1,0.8,0.6,2.6,3.2,2.7,1.0,0.5,1.4,2.5,10.0,10260000.0
Danuel House Jr.,SF,28,TOT,42,7,17.3,1.9,4.7,0.404,1.0,2.8,0.376,0.9,1.9,0.444,0.515,1.0,1.4,0.759,0.4,2.2,2.6,1.0,0.5,0.4,0.8,1.2,5.9,4105000.0
Danuel House Jr.,SF,28,HOU,16,1,14.6,1.6,4.6,0.338,0.6,2.1,0.294,0.9,2.5,0.375,0.405,1.1,1.2,0.895,0.3,2.4,2.7,1.2,0.3,0.3,1.1,1.0,4.8,4105000.0
Danuel House Jr.,SF,28,NYK,1,0,3.0,0.0,1.0,0.0,0.0,1.0,0.0,0.0,0.0,0.5331104417670682,0.0,0.0,0.0,0.7598213552361397,0.0,0.0,0.0,0.0,0.0,0.0,0.0,0.0,0.0,4105000.0
Danuel House Jr.,SF,28,UTA,25,6,19.6,2.2,4.9,0.447,1.4,3.3,0.415,0.8,1.6,0.512,0.585,1.1,1.6,0.692,0.6,2.2,2.7,1.0,0.6,0.5,0.6,1.4,6.8,4105000.0
Kevin Huerter,SF,23,ATL,74,60,29.6,4.7,10.3,0.454,2.2,5.6,0.389,2.5,4.7,0.53,0.559,0.6,0.7,0.808,0.4,3.0,3.4,2.7,0.7,0.4,1.2,2.5,12.1,14508929.0
De'Andre Hunter,SF,24,ATL,53,52,29.8,4.8,10.8,0.442,1.4,3.7,0.379,3.4,7.2,0.474,0.506,2.4,3.1,0.765,0.5,2.8,3.3,1.3,0.7,0.4,1.3,2.9,13.4,9835881.0
Bones Hyland,SG,21,DEN,69,4,19.0,3.3,8.3,0.403,1.9,5.2,0.366,1.4,3.1,0.465,0.518,1.6,1.8,0.856,0.2,2.5,2.7,2.8,0.6,0.3,1.2,2.2,10.1,2201520.0
Serge Ibaka,C,32,TOT,54,12,16.2,2.7,5.5,0.5,0.7,1.8,0.374,2.1,3.6,0.563,0.563,0.6,0.8,0.727,1.1,3.5,4.6,0.9,0.2,0.6,0.8,1.9,6.8,1836090.0
Serge Ibaka,C,32,LAC,35,10,15.4,2.7,5.5,0.49,0.7,1.8,0.387,2.0,3.7,0.538,0.552,0.6,0.8,0.69,1.1,3.1,4.3,1.0,0.2,0.7,0.9,1.6,6.6,1836090.0
Serge Ibaka,C,32,MIL,19,2,17.8,2.8,5.5,0.519,0.7,1.9,0.351,2.2,3.5,0.612,0.582,0.6,0.8,0.8,1.2,4.1,5.3,0.7,0.2,0.4,0.5,2.4,7.0,1836090.0
Andre Iguodala,SF,38,GSW,31,0,19.5,1.5,3.9,0.38,0.5,2.4,0.23,0.9,1.5,0.617,0.45,0.5,0.6,0.75,0.7,2.5,3.2,3.7,0.9,0.7,0.9,1.1,4.0,1836090.0
Joe Ingles,SF,34,UTA,45,15,24.9,2.6,6.3,0.404,1.7,5.0,0.347,0.8,1.3,0.617,0.54,0.4,0.5,0.773,0.3,2.6,2.9,3.5,0.5,0.1,1.0,1.8,7.2,6479000.0
Brandon Ingram,SF,24,NOP,55,55,34.0,8.2,17.9,0.461,1.3,4.1,0.327,6.9,13.8,0.501,0.498,4.8,5.9,0.826,0.6,5.2,5.8,5.6,0.6,0.5,2.7,2.2,22.7,31650600.0
Kyrie Irving,PG,29,BRK,29,29,37.6,10.0,21.2,0.469,3.4,8.2,0.418,6.5,13.0,0.501,0.55,4.1,4.4,0.915,0.6,3.8,4.4,5.8,1.4,0.6,2.5,2.8,27.4,36934550.0
Isaiah Jackson,PF,20,IND,36,15,15.0,3.2,5.7,0.563,0.1,0.4,0.313,3.1,5.3,0.584,0.575,1.7,2.4,0.682,1.7,2.5,4.1,0.3,0.7,1.4,1.1,2.6,8.3,2573760.0
Jaren Jackson Jr.,PF,22,MEM,78,78,27.3,5.5,13.3,0.415,1.6,5.1,0.319,3.9,8.1,0.476,0.477,3.6,4.4,0.823,1.5,4.3,5.8,1.1,0.9,2.3,1.7,3.5,16.3,28946605.0
Justin Jackson,SF,26,TOT,7,0,5.3,0.7,2.1,0.333,0.4,1.3,0.333,0.3,0.9,0.333,0.433,0.3,0.3,1.0,0.1,0.9,1.0,0.3,0.0,0.0,0.1,0.4,2.1,1836090.0
Justin Jackson,SF,26,BOS,1,0,2.0,0.0,1.0,0.0,0.0,0.0,0.3291231732776618,0.0,1.0,0.0,0.0,2.0,2.0,1.0,0.0,0.0,0.0,0.0,0.0,0.0,0.0,0.0,2.0,1836090.0
Justin Jackson,SF,26,PHO,6,0,5.8,0.8,2.3,0.357,0.5,1.5,0.333,0.3,0.8,0.4,0.464,0.0,0.0,0.7598213552361397,0.2,1.0,1.2,0.3,0.0,0.0,0.2,0.5,2.2,1836090.0
Reggie Jackson,SG,31,LAC,75,75,31.2,6.4,16.3,0.392,2.2,6.8,0.326,4.2,9.5,0.439,0.46,1.8,2.2,0.847,0.5,3.1,3.6,4.8,0.7,0.2,2.3,2.1,16.8,11215260.0
LeBron James,PF,37,LAL,56,56,37.2,11.4,21.8,0.524,2.9,8.0,0.359,8.6,13.8,0.62,0.59,4.5,6.0,0.756,1.1,7.1,8.2,6.2,1.3,1.1,3.5,2.2,30.3,44474988.0
Ty Jerome,SG,24,OKC,48,4,16.7,2.6,6.8,0.378,1.1,3.9,0.29,1.5,3.0,0.493,0.46,0.8,1.0,0.809,0.4,1.2,1.6,2.3,0.6,0.1,0.8,1.5,7.1,4220057.0
Isaiah Joe,SG,22,PHI,55,1,11.1,1.1,3.2,0.35,0.8,2.5,0.333,0.3,0.8,0.405,0.477,0.5,0.6,0.935,0.1,0.9,1.0,0.6,0.3,0.1,0.3,0.9,3.6,1836090.0
Cameron Johnson,PF,25,PHO,66,16,26.2,4.2,9.2,0.46,2.5,5.9,0.425,1.7,3.3,0.523,0.596,1.5,1.7,0.86,0.6,3.5,4.1,1.5,0.9,0.2,0.7,1.7,12.5,5887899.0
Jalen Johnson,PF,20,ATL,22,0,5.5,1.0,1.9,0.537,0.1,0.6,0.231,0.9,1.3,0.679,0.573,0.2,0.3,0.714,0.1,1.1,1.2,0.1,0.1,0.1,0.4,0.4,2.4,2792640.0
James Johnson,PF,34,BRK,62,10,19.2,2.3,5.0,0.469,0.4,1.4,0.271,2.0,3.6,0.545,0.507,0.5,0.9,0.527,0.8,2.6,3.5,2.1,0.5,0.5,0.8,2.6,5.5,1836090.0
Keldon Johnson,SF,22,SAS,75,74,31.9,6.3,13.5,0.466,2.1,5.3,0.398,4.2,8.2,0.51,0.545,2.4,3.1,0.756,1.1,5.0,6.1,2.1,0.8,0.2,1.2,2.0,17.0,3873025.0
Keon Johnson,SG,19,TOT,37,12,18.8,2.6,7.4,0.353,0.9,2.7,0.34,1.7,4.6,0.36,0.415,1.1,1.4,0.804,0.6,1.5,2.2,2.1,0.8,0.3,1.2,1.9,7.2,2681040.0
Keon Johnson,SG,19,LAC,15,0,9.0,1.1,3.4,0.333,0.2,0.7,0.273,0.9,2.7,0.35,0.363,1.1,1.4,0.762,0.4,1.0,1.4,0.9,0.5,0.1,0.5,1.4,3.5,2681040.0
Keon Johnson,SG,19,POR,22,12,25.5,3.6,10.0,0.357,1.4,4.0,0.348,2.2,6.0,0.364,0.428,1.1,1.4,0.833,0.8,1.9,2.7,2.9,1.0,0.5,1.8,2.2,9.7,2681040.0
Stanley Johnson,PF,25,LAL,48,27,22.8,2.4,5.2,0.466,0.7,2.2,0.314,1.8,3.0,0.575,0.532,1.1,1.5,0.716,0.7,2.5,3.2,1.7,0.9,0.3,0.7,2.3,6.7,2351521.0
Damian Jones,C,26,SAC,56,15,18.2,3.1,4.8,0.658,0.2,0.5,0.345,2.9,4.2,0.696,0.677,1.7,2.3,0.718,1.3,3.1,4.4,1.2,0.5,0.8,1.1,2.3,8.1,2298385.0
Derrick Jones Jr.,PF,24,CHI,51,8,17.6,2.1,3.8,0.538,0.4,1.2,0.328,1.7,2.6,0.634,0.59,1.1,1.4,0.8,1.2,2.1,3.3,0.6,0.5,0.6,0.6,2.1,5.6,3200000.0
Herbert Jones,PF,23,NOP,78,69,29.9,3.5,7.4,0.476,0.7,2.2,0.337,2.8,5.2,0.533,0.525,1.8,2.1,0.84,1.3,2.5,3.8,2.1,1.7,0.8,1.3,3.1,9.5,1785000.0
Kai Jones,C,21,CHO,21,0,3.0,0.4,0.7,0.643,0.0,0.1,0.5,0.4,0.6,0.667,0.679,0.1,0.4,0.375,0.1,0.4,0.5,0.2,0.0,0.1,0.3,0.4,1.0,2909040.0
Tre Jones,PG,22,SAS,69,11,16.6,2.4,4.9,0.49,0.1,0.7,0.196,2.3,4.2,0.542,0.504,1.0,1.3,0.78,0.4,1.8,2.2,3.4,0.6,0.1,0.7,1.1,6.0,1782621.0
Tyus Jones,PG,25,MEM,73,23,21.2,3.4,7.6,0.451,1.1,2.8,0.39,2.3,4.8,0.487,0.524,0.7,0.9,0.818,0.2,2.2,2.4,4.4,0.9,0.0,0.6,0.4,8.7,15000000.0
DeAndre Jordan,C,33,TOT,48,20,13.0,1.9,3.0,0.643,0.0,0.0,0.3291231732776618,1.9,3.0,0.643,0.643,0.5,0.8,0.55,1.7,3.8,5.5,0.4,0.3,0.7,0.8,1.5,4.3,9663997.0
DeAndre Jordan,C,33,TOT,48,20,13.0,1.9,3.0,0.643,0.0,0.0,0.3291231732776618,1.9,3.0,0.643,0.643,0.5,0.8,0.55,1.7,3.8,5.5,0.4,0.3,0.7,0.8,1.5,4.3,9663997.0
DeAndre Jordan,C,33,LAL,32,19,12.8,1.9,2.8,0.674,0.0,0.0,0.3291231732776618,1.9,2.8,0.674,0.674,0.4,0.8,0.462,1.6,3.8,5.4,0.4,0.3,0.8,0.7,1.6,4.1,9663997.0
DeAndre Jordan,C,33,LAL,32,19,12.8,1.9,2.8,0.674,0.0,0.0,0.3291231732776618,1.9,2.8,0.674,0.674,0.4,0.8,0.462,1.6,3.8,5.4,0.4,0.3,0.8,0.7,1.6,4.1,9663997.0
DeAndre Jordan,C,33,PHI,16,1,13.4,2.0,3.4,0.593,0.0,0.0,0.3291231732776618,2.0,3.4,0.593,0.593,0.6,0.9,0.714,2.0,3.8,5.8,0.5,0.1,0.6,1.0,1.3,4.6,9663997.0
DeAndre Jordan,C,33,PHI,16,1,13.4,2.0,3.4,0.593,0.0,0.0,0.3291231732776618,2.0,3.4,0.593,0.593,0.6,0.9,0.714,2.0,3.8,5.8,0.5,0.1,0.6,1.0,1.3,4.6,9663997.0
Cory Joseph,PG,30,DET,65,39,24.6,2.7,6.2,0.445,1.0,2.4,0.414,1.7,3.7,0.465,0.526,1.5,1.7,0.885,0.4,2.2,2.7,3.6,0.6,0.3,1.3,2.3,8.0,5155500.0
Frank Kaminsky,C,28,PHO,9,0,20.1,4.0,7.3,0.545,0.6,1.7,0.333,3.4,5.7,0.608,0.583,2.0,2.2,0.9,1.2,3.3,4.6,1.4,0.9,0.8,0.6,1.6,10.6,1836090.0
Luke Kennard,SG,25,LAC,70,13,27.4,4.1,9.1,0.449,2.7,6.0,0.449,1.4,3.1,0.449,0.598,1.0,1.1,0.896,0.3,3.0,3.3,2.1,0.6,0.1,0.9,1.4,11.9,14415545.0
Corey Kispert,SF,22,WAS,77,36,23.4,3.0,6.7,0.455,1.5,4.2,0.35,1.6,2.5,0.629,0.564,0.7,0.8,0.871,0.7,2.0,2.7,1.1,0.5,0.3,0.6,1.2,8.2,3552840.0
Maxi Kleber,PF,30,DAL,59,21,24.6,2.4,6.0,0.398,1.4,4.3,0.325,1.0,1.7,0.586,0.516,0.8,1.1,0.708,1.2,4.7,5.9,1.2,0.5,1.0,0.8,2.3,7.0,9000000.0
Nathan Knight,PF,24,MIN,37,2,7.2,1.2,2.4,0.511,0.1,0.4,0.308,1.1,2.0,0.547,0.534,1.2,1.6,0.733,0.9,1.4,2.3,0.6,0.2,0.2,0.5,1.1,3.7,1836090.0
Kevin Knox,SF,22,TOT,30,0,7.4,1.0,2.8,0.365,0.5,1.8,0.278,0.5,1.0,0.516,0.453,0.5,0.7,0.727,0.5,1.0,1.5,0.3,0.1,0.1,0.2,0.6,3.1,3000000.0
Kevin Knox,SF,22,NYK,13,0,8.5,1.2,3.1,0.375,0.8,2.2,0.357,0.4,0.9,0.417,0.5,0.5,0.8,0.7,0.6,1.1,1.7,0.2,0.2,0.1,0.4,0.4,3.6,3000000.0
Kevin Knox,SF,22,ATL,17,0,6.5,0.9,2.6,0.356,0.3,1.5,0.192,0.6,1.1,0.579,0.411,0.5,0.7,0.75,0.4,0.9,1.3,0.4,0.1,0.1,0.1,0.8,2.7,3000000.0
John Konchar,SG,25,MEM,72,7,17.9,1.9,3.6,0.515,0.7,1.8,0.413,1.2,1.9,0.61,0.615,0.4,0.7,0.551,1.2,3.4,4.6,1.5,0.6,0.3,0.4,1.3,4.8,2300000.0
Furkan Korkmaz,SG,24,PHI,67,19,21.1,2.7,7.0,0.387,1.1,4.0,0.289,1.6,3.0,0.515,0.469,1.0,1.3,0.81,0.3,2.3,2.6,1.9,0.5,0.1,0.7,0.9,7.6,5000000.0
Luke Kornet,C,26,TOT,15,0,6.9,0.9,1.8,0.481,0.0,0.3,0.0,0.9,1.5,0.591,0.481,0.3,0.4,0.667,0.9,1.1,1.9,0.6,0.2,0.2,0.0,0.6,2.0,2133278.0
Luke Kornet,C,26,CLE,2,0,7.5,0.5,2.5,0.2,0.0,0.5,0.0,0.5,2.0,0.25,0.2,1.0,1.5,0.667,1.0,0.5,1.5,0.5,0.0,0.5,0.0,0.5,2.0,2133278.0
Luke Kornet,C,26,MIL,1,0,3.0,0.0,1.0,0.0,0.0,0.0,0.3291231732776618,0.0,1.0,0.0,0.0,0.0,0.0,0.7598213552361397,1.0,0.0,1.0,0.0,0.0,0.0,0.0,1.0,0.0,2133278.0
Luke Kornet,C,26,BOS,12,0,7.1,1.0,1.8,0.571,0.0,0.3,0.0,1.0,1.4,0.706,0.571,0.2,0.3,0.667,0.8,1.3,2.1,0.7,0.3,0.2,0.0,0.6,2.2,2133278.0
Vit Krejci,SG,21,OKC,30,8,23.0,2.3,5.6,0.407,1.1,3.3,0.327,1.2,2.3,0.522,0.503,0.6,0.7,0.864,0.6,2.8,3.4,1.9,0.6,0.3,1.0,2.2,6.2,1563518.0
Jonathan Kuminga,SF,19,GSW,70,12,16.9,3.4,6.6,0.513,0.7,2.1,0.336,2.7,4.4,0.598,0.567,1.9,2.7,0.684,0.8,2.6,3.3,0.9,0.4,0.3,1.1,2.1,9.3,5739840.0
Kyle Kuzma,PF,26,WAS,66,66,33.4,6.4,14.2,0.452,1.9,5.7,0.341,4.5,8.5,0.526,0.52,2.4,3.3,0.712,1.1,7.4,8.5,3.5,0.6,0.9,2.6,1.9,17.1,13000000.0
Jock Landale,C,26,SAS,54,1,10.9,1.9,3.8,0.495,0.5,1.6,0.326,1.3,2.1,0.626,0.566,0.6,0.8,0.829,1.2,1.4,2.6,0.8,0.2,0.3,0.6,1.0,4.9,1563518.0
Romeo Langford,SG,22,TOT,48,5,16.1,1.7,4.0,0.435,0.6,1.8,0.341,1.1,2.2,0.509,0.51,0.5,0.9,0.548,0.6,1.6,2.3,0.4,0.5,0.3,0.3,1.0,4.5,5634257.0
Romeo Langford,SG,22,BOS,44,5,16.5,1.8,4.2,0.429,0.7,1.9,0.349,1.1,2.3,0.495,0.508,0.5,0.8,0.588,0.7,1.7,2.4,0.4,0.5,0.4,0.4,1.0,4.7,5634257.0
Romeo Langford,SG,22,SAS,4,0,10.8,1.0,1.8,0.571,0.0,0.5,0.0,1.0,1.3,0.8,0.571,0.8,2.0,0.375,0.0,1.0,1.0,0.5,0.3,0.0,0.0,0.3,2.8,5634257.0
Zach LaVine,SG,26,CHI,67,67,34.7,8.4,17.7,0.476,2.8,7.1,0.389,5.7,10.6,0.534,0.554,4.8,5.6,0.853,0.3,4.3,4.6,4.5,0.6,0.3,2.6,1.8,24.4,37096500.0
Damion Lee,SG,29,GSW,63,5,19.9,2.7,6.1,0.441,1.0,3.0,0.337,1.7,3.1,0.541,0.523,1.0,1.2,0.88,0.4,2.8,3.2,1.0,0.6,0.1,0.6,1.5,7.4,1836090.0
Saben Lee,PG,22,DET,37,0,16.3,1.9,4.8,0.39,0.4,1.6,0.233,1.5,3.2,0.47,0.429,1.5,1.9,0.789,0.5,1.9,2.4,2.9,1.0,0.3,1.0,1.2,5.6,1752638.0
Alex Len,C,28,SAC,39,10,15.9,2.4,4.5,0.534,0.2,0.5,0.286,2.3,4.0,0.568,0.551,1.1,1.6,0.651,1.3,2.8,4.1,1.2,0.3,0.6,1.1,2.6,6.0,3918600.0
Caris LeVert,SG,27,TOT,58,49,30.7,6.5,14.7,0.444,1.4,4.4,0.32,5.1,10.3,0.497,0.492,2.5,3.3,0.756,0.7,2.9,3.7,4.3,0.9,0.4,1.9,2.3,17.0,18796296.0
Caris LeVert,SG,27,IND,39,39,31.1,7.1,15.9,0.447,1.6,4.8,0.323,5.6,11.1,0.501,0.496,2.8,3.7,0.76,0.8,3.1,3.8,4.4,0.9,0.5,1.9,2.3,18.7,18796296.0
Caris LeVert,SG,27,CLE,19,10,29.8,5.3,12.2,0.435,1.1,3.5,0.313,4.2,8.7,0.485,0.481,1.8,2.5,0.745,0.7,2.7,3.4,3.9,0.8,0.3,1.7,2.1,13.6,18796296.0
Kira Lewis Jr.,PG,20,NOP,24,0,14.2,2.5,6.1,0.404,0.5,2.4,0.224,1.9,3.7,0.523,0.449,0.4,0.5,0.833,0.4,1.3,1.6,2.0,0.5,0.0,1.1,0.7,5.9,4004280.0
Damian Lillard,PG,31,POR,29,29,36.4,7.7,19.0,0.402,3.2,9.8,0.324,4.5,9.2,0.485,0.486,5.5,6.2,0.878,0.4,3.7,4.1,7.3,0.6,0.4,2.9,1.3,24.0,42492492.0
Nassir Little,SF,21,POR,42,23,25.9,3.5,7.5,0.46,1.2,3.7,0.331,2.2,3.8,0.584,0.541,1.6,2.2,0.734,1.4,4.2,5.6,1.3,0.6,0.9,1.0,2.0,9.8,4171548.0
Isaiah Livers,SF,23,DET,19,5,20.2,2.2,4.7,0.456,1.4,3.4,0.422,0.7,1.4,0.538,0.606,0.6,0.7,0.857,0.8,2.2,3.0,1.1,0.7,0.4,0.8,1.9,6.4,1563518.0
Kevon Looney,C,25,GSW,82,80,21.1,2.5,4.4,0.571,0.0,0.0,0.0,2.5,4.4,0.573,0.571,0.9,1.5,0.6,2.5,4.7,7.3,2.0,0.6,0.6,0.8,2.6,6.0,8000000.0
Brook Lopez,C,33,MIL,13,11,22.9,4.7,10.1,0.466,1.5,4.1,0.358,3.2,6.0,0.538,0.538,1.5,1.8,0.87,1.5,2.6,4.1,0.5,0.6,1.2,0.9,2.6,12.4,13906976.0
Robin Lopez,C,33,ORL,36,9,17.0,3.1,5.5,0.553,0.1,0.2,0.333,3.0,5.4,0.56,0.558,0.9,1.5,0.593,1.9,1.6,3.5,1.5,0.1,0.5,1.2,1.9,7.1,1836090.0
Didi Louzada,SG-SF,22,TOT,9,1,14.3,1.3,3.7,0.364,1.0,2.6,0.391,0.3,1.1,0.3,0.5,0.2,0.2,1.0,0.6,1.3,1.9,0.6,0.2,0.2,0.6,1.4,3.9,268032.0
Didi Louzada,SF,22,NOP,2,0,3.5,0.0,1.5,0.0,0.0,1.5,0.0,0.0,0.0,0.5331104417670682,0.0,0.0,0.0,0.7598213552361397,1.0,0.0,1.0,0.5,0.0,0.0,0.0,0.0,0.0,268032.0
Didi Louzada,SG,22,POR,7,1,17.4,1.7,4.3,0.4,1.3,2.9,0.45,0.4,1.4,0.3,0.55,0.3,0.3,1.0,0.4,1.7,2.1,0.6,0.3,0.3,0.7,1.9,5.0,268032.0
Kevin Love,C,33,CLE,74,4,22.5,4.4,10.3,0.43,2.5,6.4,0.392,1.9,3.8,0.493,0.553,2.2,2.7,0.838,1.2,6.1,7.2,2.2,0.4,0.2,1.3,1.4,13.6,28942830.0
Kyle Lowry,PG,35,MIA,63,63,33.9,4.4,10.0,0.44,2.3,6.1,0.377,2.1,3.9,0.539,0.555,2.3,2.8,0.851,0.5,4.0,4.5,7.5,1.1,0.3,2.7,2.8,13.4,28333334.0
Trey Lyles,PF,26,TOT,75,23,20.5,3.5,7.5,0.466,0.9,2.8,0.321,2.6,4.7,0.552,0.526,2.6,3.2,0.802,1.2,3.9,5.1,1.2,0.4,0.4,1.0,1.6,10.5,2625000.0
Trey Lyles,PF,26,DET,51,3,19.4,3.4,7.5,0.456,0.9,2.9,0.301,2.6,4.7,0.55,0.513,2.7,3.5,0.784,1.2,3.6,4.8,1.1,0.4,0.5,1.1,1.8,10.4,2625000.0
Trey Lyles,PF,26,SAC,24,20,22.8,3.6,7.4,0.489,1.0,2.6,0.365,2.7,4.8,0.557,0.553,2.4,2.8,0.851,1.2,4.4,5.6,1.3,0.3,0.3,0.8,1.3,10.6,2625000.0
Terance Mann,SF,25,LAC,81,33,28.6,4.1,8.5,0.484,0.9,2.6,0.365,3.2,6.0,0.535,0.539,1.6,2.0,0.78,1.3,4.0,5.2,2.6,0.7,0.3,1.0,2.2,10.8,1930681.0
Tre Mann,PG,20,OKC,60,26,22.8,3.9,9.8,0.393,1.6,4.5,0.36,2.2,5.3,0.421,0.476,1.1,1.4,0.793,0.4,2.4,2.9,1.5,0.8,0.2,1.2,1.7,10.4,3046200.0
Lauri Markkanen,SF,24,CLE,61,61,30.8,5.1,11.5,0.445,2.2,6.2,0.358,2.9,5.3,0.548,0.542,2.3,2.6,0.868,1.0,4.7,5.7,1.3,0.7,0.5,0.9,2.1,14.8,16475454.0
Naji Marshall,SF,24,NOP,55,4,13.4,2.0,4.9,0.405,0.4,1.9,0.2,1.6,3.0,0.537,0.444,1.3,1.7,0.796,0.7,1.9,2.6,1.1,0.6,0.1,0.8,1.3,5.7,1782621.0
Caleb Martin,SF,26,MIA,60,12,22.9,3.5,6.8,0.507,1.1,2.6,0.413,2.4,4.3,0.565,0.585,1.2,1.6,0.763,1.2,2.7,3.8,1.1,1.0,0.5,0.9,1.7,9.2,6479000.0
Cody Martin,SF,26,CHO,71,11,26.3,2.9,6.0,0.482,0.9,2.2,0.384,2.0,3.7,0.542,0.554,1.1,1.5,0.701,1.2,2.9,4.0,2.5,1.2,0.5,0.9,1.6,7.7,7000000.0
Kenyon Martin Jr.,SF,21,HOU,79,2,21.0,3.5,6.6,0.533,0.8,2.1,0.357,2.8,4.5,0.617,0.591,1.0,1.6,0.634,1.0,2.7,3.8,1.3,0.4,0.5,0.8,1.4,8.8,1782621.0
Garrison Mathews,SG,25,HOU,65,33,26.3,2.8,7.1,0.399,2.1,5.9,0.36,0.7,1.2,0.6,0.55,2.2,2.8,0.794,0.5,2.4,2.9,1.0,0.9,0.4,0.6,2.6,10.0,2000000.0
Wesley Matthews,SG,35,MIL,49,14,20.4,1.8,4.5,0.395,1.1,3.2,0.338,0.7,1.3,0.54,0.516,0.4,0.6,0.786,0.6,1.3,1.9,0.7,0.5,0.2,0.4,1.8,5.1,1836090.0
Tyrese Maxey,PG,21,PHI,75,74,35.3,6.4,13.3,0.485,1.8,4.1,0.427,4.7,9.1,0.512,0.552,2.8,3.3,0.866,0.3,2.9,3.2,4.3,0.7,0.4,1.2,2.1,17.5,2726880.0
Miles McBride,PG,21,NYK,40,2,9.3,0.8,2.7,0.296,0.4,1.7,0.25,0.4,1.0,0.375,0.375,0.2,0.3,0.667,0.1,1.0,1.1,1.0,0.4,0.0,0.1,1.1,2.2,1563518.0
Mac McClung,SG-PG,23,TOT,2,0,12.5,1.5,3.0,0.5,0.5,1.5,0.333,1.0,1.5,0.667,0.583,0.5,0.5,1.0,0.0,1.5,1.5,0.5,0.5,0.5,1.5,2.5,4.0,1637966.0
Mac McClung,PG,23,CHI,1,0,3.0,1.0,1.0,1.0,0.0,0.0,0.3291231732776618,1.0,1.0,1.0,1.0,0.0,0.0,0.7598213552361397,0.0,0.0,0.0,0.0,0.0,0.0,1.0,0.0,2.0,1637966.0
Mac McClung,SG,23,LAL,1,0,22.0,2.0,5.0,0.4,1.0,3.0,0.333,1.0,2.0,0.5,0.5,1.0,1.0,1.0,0.0,3.0,3.0,1.0,1.0,1.0,2.0,5.0,6.0,1637966.0
CJ McCollum,SG,30,TOT,62,62,34.6,8.6,18.8,0.46,2.9,7.6,0.388,5.7,11.2,0.509,0.539,1.9,2.7,0.682,0.9,3.5,4.3,5.1,1.1,0.4,2.0,2.0,22.1,33333333.0
CJ McCollum,SG,30,POR,36,36,35.2,8.1,18.5,0.436,3.1,8.0,0.384,5.0,10.4,0.476,0.52,1.3,1.9,0.706,0.9,3.3,4.3,4.5,1.0,0.6,1.9,2.1,20.5,33333333.0
CJ McCollum,SG,30,NOP,26,26,33.8,9.5,19.2,0.493,2.7,6.9,0.394,6.7,12.3,0.549,0.564,2.6,3.9,0.667,0.7,3.7,4.5,5.8,1.3,0.0,2.2,1.7,24.3,33333333.0
T.J. McConnell,PG,29,IND,27,8,24.1,3.7,7.7,0.481,0.4,1.2,0.303,3.3,6.5,0.514,0.505,0.7,0.9,0.826,0.7,2.6,3.3,4.9,1.1,0.4,1.1,2.0,8.5,8100000.0
Jaden McDaniels,PF,21,MIN,70,31,25.8,3.6,7.9,0.46,1.1,3.6,0.317,2.5,4.3,0.579,0.532,0.8,1.0,0.803,1.1,3.1,4.2,1.1,0.7,0.8,1.1,3.2,9.2,2161440.0
Jalen McDaniels,SF,24,CHO,55,2,16.3,2.2,4.6,0.484,0.7,2.0,0.38,1.5,2.7,0.562,0.565,1.0,1.3,0.736,0.7,2.4,3.1,1.1,0.5,0.4,0.7,1.7,6.2,1930681.0
Doug McDermott,PF,30,SAS,51,51,24.0,4.2,9.1,0.462,2.1,5.0,0.422,2.1,4.1,0.512,0.578,0.8,1.0,0.784,0.4,1.9,2.3,1.3,0.3,0.1,0.8,1.5,11.3,13750000.0
JaVale McGee,C,34,PHO,74,17,15.8,3.9,6.2,0.629,0.0,0.1,0.222,3.9,6.1,0.637,0.631,1.4,2.0,0.699,2.2,4.5,6.7,0.6,0.3,1.1,1.3,2.4,9.2,5461219.0
Rodney McGruder,SG,30,DET,51,2,14.8,1.9,4.4,0.436,1.1,2.9,0.397,0.8,1.5,0.506,0.564,0.4,0.5,0.731,0.6,1.6,2.2,0.9,0.4,0.1,0.5,1.1,5.4,1836090.0
Jordan McLaughlin,PG,25,MIN,62,3,14.5,1.4,3.2,0.44,0.4,1.4,0.318,1.0,1.9,0.53,0.508,0.5,0.6,0.75,0.4,1.2,1.5,2.9,0.9,0.2,0.6,0.9,3.8,2160000.0
De'Anthony Melton,SG,23,MEM,73,15,22.7,3.8,9.5,0.404,1.9,5.1,0.374,1.9,4.4,0.44,0.504,1.2,1.6,0.75,0.9,3.6,4.5,2.7,1.4,0.5,1.5,1.8,10.8,8250000.0
Sam Merrill,SG,25,MEM,6,0,9.7,1.3,4.0,0.333,1.2,3.8,0.304,0.2,0.2,1.0,0.479,0.3,0.7,0.5,0.2,1.0,1.2,0.7,0.0,0.0,0.3,0.5,4.2,150000.0
Chimezie Metu,C,24,SAC,60,20,21.3,3.4,7.5,0.452,1.0,3.1,0.306,2.4,4.4,0.555,0.516,1.2,1.5,0.78,0.6,5.0,5.6,1.0,0.9,0.5,1.0,1.6,8.9,1910860.0
Khris Middleton,SF,30,MIL,66,66,32.4,6.8,15.5,0.443,2.5,6.6,0.373,4.4,8.9,0.494,0.522,3.9,4.4,0.89,0.6,4.8,5.4,5.4,1.2,0.3,2.9,2.4,20.1,37948276.0
Patty Mills,SG,33,BRK,81,48,29.0,4.0,9.8,0.408,2.8,7.0,0.4,1.2,2.8,0.429,0.551,0.6,0.7,0.814,0.2,1.7,1.9,2.3,0.6,0.2,0.9,1.4,11.4,6479000.0
Shake Milton,SG,25,PHI,55,6,21.4,3.1,7.3,0.429,0.8,2.4,0.323,2.4,4.9,0.481,0.483,1.1,1.3,0.836,0.5,2.0,2.6,2.5,0.5,0.3,0.8,1.8,8.2,1997718.0
Davion Mitchell,PG,23,SAC,75,19,27.7,4.7,11.2,0.418,1.3,4.3,0.316,3.3,7.0,0.48,0.477,0.7,1.1,0.659,0.4,1.8,2.2,4.2,0.7,0.3,1.5,1.9,11.5,4833600.0
Donovan Mitchell,SG,25,UTA,67,67,33.8,9.2,20.5,0.448,3.5,9.8,0.355,5.7,10.8,0.533,0.533,4.0,4.7,0.853,0.8,3.4,4.2,5.3,1.5,0.2,3.0,2.4,25.9,30351780.0
Evan Mobley,PF,20,CLE,69,69,33.8,6.1,12.0,0.508,0.3,1.3,0.25,5.8,10.7,0.541,0.522,2.4,3.7,0.663,2.1,6.2,8.3,2.5,0.8,1.7,1.9,2.1,15.0,8478720.0
Malik Monk,SG,23,LAL,76,37,28.1,5.1,10.9,0.473,2.3,5.8,0.391,2.9,5.1,0.568,0.578,1.2,1.5,0.795,0.5,2.9,3.4,2.9,0.8,0.4,1.6,1.8,13.8,9472219.0
Moses Moody,SG,19,GSW,52,11,11.7,1.5,3.5,0.437,0.8,2.1,0.364,0.8,1.4,0.548,0.546,0.5,0.7,0.778,0.3,1.2,1.5,0.4,0.1,0.2,0.3,0.8,4.4,3740160.0
Ja Morant,PG,22,MEM,57,57,33.1,10.2,20.6,0.493,1.5,4.5,0.344,8.6,16.2,0.534,0.53,5.5,7.3,0.761,1.4,4.4,5.7,6.7,1.2,0.4,3.4,1.5,27.4,12119440.0
Juwan Morgan,PF,24,TOT,2,0,15.5,1.0,1.5,0.667,0.5,1.0,0.5,0.5,0.5,1.0,0.833,0.0,0.0,0.7598213552361397,1.0,1.0,2.0,0.5,0.0,0.0,0.0,1.5,2.5,576230.0
Juwan Morgan,PF,24,TOR,1,0,27.0,2.0,3.0,0.667,1.0,2.0,0.5,1.0,1.0,1.0,0.833,0.0,0.0,0.7598213552361397,2.0,2.0,4.0,1.0,0.0,0.0,0.0,3.0,5.0,576230.0
Juwan Morgan,PF,24,BOS,1,0,4.0,0.0,0.0,0.4665239043824701,0.0,0.0,0.3291231732776618,0.0,0.0,0.5331104417670682,0.5354163346613547,0.0,0.0,0.7598213552361397,0.0,0.0,0.0,0.0,0.0,0.0,0.0,0.0,0.0,576230.0
Marcus Morris,PF,32,LAC,54,54,29.0,5.6,12.8,0.434,1.9,5.1,0.367,3.7,7.7,0.478,0.507,2.4,2.7,0.872,0.5,3.9,4.4,2.1,0.5,0.3,1.3,2.1,15.4,16372093.0
Markieff Morris,PF,32,MIA,17,1,17.5,3.2,6.7,0.474,0.8,2.3,0.333,2.4,4.4,0.547,0.531,0.5,0.5,0.889,1.0,1.6,2.6,1.4,0.4,0.1,1.2,1.9,7.6,1836090.0
Monte Morris,PG,26,DEN,75,74,29.9,5.0,10.3,0.484,1.7,4.2,0.395,3.3,6.1,0.545,0.564,1.0,1.1,0.869,0.4,2.7,3.0,4.4,0.7,0.2,1.0,1.2,12.6,9125000.0
Trey Murphy III,SF,21,NOP,62,1,13.9,1.8,4.5,0.394,1.1,3.0,0.382,0.6,1.5,0.418,0.522,0.7,0.8,0.882,0.8,1.6,2.4,0.6,0.4,0.1,0.3,1.0,5.4,3206520.0
Dejounte Murray,PG,25,SAS,68,68,34.8,8.4,18.3,0.462,1.4,4.3,0.327,7.0,13.9,0.504,0.5,2.9,3.6,0.794,1.2,7.1,8.3,9.2,2.0,0.3,2.6,2.0,21.1,16571120.0
Mike Muscala,C,30,OKC,43,0,13.8,2.6,5.8,0.456,1.6,3.8,0.429,1.0,2.0,0.506,0.597,1.1,1.3,0.842,0.5,2.5,3.0,0.5,0.4,0.6,0.3,1.3,8.0,3500000.0
Svi Mykhailiuk,SF,24,TOR,56,5,12.8,1.6,4.2,0.389,0.7,2.4,0.306,0.9,1.8,0.5,0.476,0.6,0.7,0.865,0.4,1.3,1.6,0.8,0.5,0.1,0.6,1.0,4.6,3714810.0
Svi Mykhailiuk,SF,24,TOR,56,5,12.8,1.6,4.2,0.389,0.7,2.4,0.306,0.9,1.8,0.5,0.476,0.6,0.7,0.865,0.4,1.3,1.6,0.8,0.5,0.1,0.6,1.0,4.6,3714810.0
Larry Nance Jr.,C-PF,29,TOT,46,11,22.6,2.8,5.4,0.522,0.5,1.5,0.329,2.3,3.8,0.599,0.569,0.9,1.2,0.702,1.6,3.8,5.4,1.8,0.9,0.4,0.8,1.8,7.0,9672727.0
Larry Nance Jr.,C,29,POR,37,11,23.2,2.8,5.4,0.515,0.5,1.7,0.306,2.2,3.7,0.61,0.563,0.9,1.3,0.653,1.6,4.1,5.6,2.0,1.0,0.4,0.7,1.8,6.9,9672727.0
Larry Nance Jr.,PF,29,NOP,9,0,20.2,3.0,5.4,0.551,0.4,0.9,0.5,2.6,4.6,0.561,0.592,0.9,0.9,1.0,1.6,2.8,4.3,0.9,0.6,0.8,1.1,1.9,7.3,9672727.0
Aaron Nesmith,SF,22,BOS,52,3,11.0,1.4,3.5,0.396,0.6,2.2,0.27,0.8,1.3,0.612,0.481,0.4,0.5,0.808,0.3,1.4,1.7,0.4,0.4,0.1,0.6,1.3,3.8,3804360.0
Raul Neto,PG,29,WAS,70,19,19.6,2.9,6.3,0.463,0.5,1.7,0.292,2.4,4.6,0.526,0.502,1.2,1.5,0.769,0.2,1.7,1.9,3.1,0.8,0.0,1.1,1.5,7.5,1836090.0
Georges Niang,PF,28,PHI,76,7,22.8,3.2,7.4,0.437,2.1,5.1,0.403,1.2,2.3,0.511,0.575,0.7,0.8,0.881,0.3,2.3,2.7,1.3,0.4,0.2,0.8,2.5,9.2,3465000.0
Daishen Nix,SG,19,HOU,24,0,10.9,1.1,2.8,0.403,0.3,1.1,0.269,0.8,1.7,0.488,0.455,0.7,1.3,0.533,0.3,1.1,1.4,1.7,0.6,0.0,1.1,0.9,3.2,1563518.0
Zeke Nnaji,PF,21,DEN,41,1,17.0,2.3,4.5,0.516,0.9,2.0,0.463,1.4,2.6,0.557,0.616,1.0,1.6,0.631,1.4,2.2,3.6,0.4,0.4,0.3,0.6,1.9,6.6,2617800.0
Nerlens Noel,C,27,NYK,25,11,22.5,1.3,2.4,0.533,0.0,0.1,0.0,1.3,2.3,0.561,0.533,0.8,1.2,0.7,1.9,3.7,5.6,0.9,1.2,1.2,0.8,2.7,3.4,9240000.0
Jaylen Nowell,SG,22,MIN,62,1,15.7,3.2,6.7,0.475,1.0,2.6,0.394,2.1,4.1,0.526,0.551,1.2,1.5,0.783,0.4,1.6,2.0,2.1,0.4,0.2,0.6,1.2,8.5,1930681.0
Frank Ntilikina,SG,23,DAL,58,5,11.8,1.5,3.8,0.399,0.7,1.9,0.342,0.9,1.9,0.455,0.484,0.4,0.4,0.96,0.2,1.2,1.4,1.2,0.5,0.1,0.5,1.1,4.1,2036318.0
David Nwaba,SF,29,HOU,46,4,13.2,1.8,3.8,0.483,0.3,1.1,0.306,1.5,2.8,0.551,0.526,1.0,1.5,0.716,0.9,2.4,3.3,0.8,0.6,0.4,0.5,1.2,5.1,5022000.0
Jordan Nwora,SF,23,MIL,62,13,19.1,3.0,7.5,0.403,1.3,3.7,0.348,1.7,3.8,0.455,0.488,0.6,0.7,0.837,0.6,3.0,3.6,1.0,0.4,0.3,0.9,1.3,7.9,3000000.0
Royce O'Neale,SF,28,UTA,77,77,31.2,2.6,5.8,0.457,1.5,4.0,0.389,1.1,1.8,0.609,0.591,0.6,0.7,0.804,0.8,3.9,4.8,2.5,1.1,0.4,1.0,2.4,7.4,9200000.0
Chuma Okeke,PF,23,ORL,70,20,25.0,3.1,8.2,0.376,1.7,5.3,0.318,1.4,2.9,0.48,0.478,0.8,0.9,0.846,0.7,4.3,5.0,1.7,1.4,0.6,0.8,1.4,8.6,3433320.0
Josh Okogie,SG,23,MIN,49,6,10.5,0.9,2.1,0.404,0.3,1.0,0.298,0.6,1.2,0.491,0.471,0.7,1.0,0.686,0.6,0.8,1.4,0.5,0.5,0.2,0.5,1.1,2.7,1836090.0
Onyeka Okongwu,C,21,ATL,48,6,20.7,3.3,4.7,0.69,0.0,0.0,0.3291231732776618,3.3,4.7,0.69,0.69,1.7,2.3,0.727,2.4,3.5,5.9,1.1,0.6,1.3,0.9,3.1,8.2,6395160.0
Isaac Okoro,SF,21,CLE,67,61,29.6,3.1,6.4,0.48,0.8,2.3,0.35,2.3,4.1,0.555,0.544,1.8,2.3,0.768,1.1,1.9,3.0,1.8,0.8,0.3,0.9,2.4,8.8,7040880.0
KZ Okpala,PF,22,MIA,21,0,11.6,1.4,3.3,0.435,0.4,1.2,0.346,1.0,2.0,0.488,0.5,0.4,0.5,0.727,0.5,1.4,2.0,0.7,0.2,0.3,0.2,1.2,3.7,1902133.0
Victor Oladipo,SG,29,MIA,8,1,21.6,4.4,9.1,0.479,1.9,4.5,0.417,2.5,4.6,0.541,0.582,1.8,2.4,0.737,0.4,2.5,2.9,3.5,0.6,0.1,2.0,1.6,12.4,8750000.0
Kelly Olynyk,C,30,DET,40,1,19.1,3.2,7.2,0.448,1.0,3.0,0.336,2.2,4.2,0.527,0.517,1.7,2.2,0.775,1.4,3.1,4.4,2.8,0.8,0.5,1.5,2.5,9.1,12804878.0
Cedi Osman,SF,26,CLE,66,3,22.2,3.7,8.7,0.432,1.9,5.4,0.357,1.8,3.2,0.559,0.544,1.3,2.0,0.664,0.4,1.8,2.2,2.0,0.8,0.2,1.0,1.9,10.7,7426088.0
Kelly Oubre Jr.,SF,26,CHO,76,13,26.3,5.4,12.3,0.44,2.5,7.3,0.345,2.9,5.0,0.578,0.542,1.7,2.5,0.667,1.0,2.9,4.0,1.1,1.0,0.4,0.9,2.5,15.0,12600000.0
Chris Paul,PG,36,PHO,65,65,32.9,5.6,11.3,0.493,1.0,3.1,0.317,4.6,8.3,0.559,0.536,2.6,3.1,0.837,0.3,4.0,4.4,10.8,1.9,0.3,2.4,2.1,14.7,28400000.0
Cameron Payne,PG,27,PHO,58,12,22.0,4.1,10.1,0.409,1.2,3.6,0.336,2.9,6.5,0.449,0.469,1.3,1.5,0.843,0.4,2.6,3.0,4.9,0.7,0.3,1.8,2.1,10.8,6000000.0
Gary Payton II,SG,29,GSW,71,16,17.6,3.0,4.8,0.616,0.6,1.7,0.358,2.4,3.2,0.754,0.679,0.5,0.8,0.603,1.0,2.5,3.5,0.9,1.4,0.3,0.6,1.8,7.1,8300000.0
Theo Pinson,SF,26,DAL,19,0,7.8,0.7,2.1,0.359,0.5,1.6,0.333,0.2,0.5,0.444,0.487,0.5,0.5,1.0,0.1,1.0,1.1,0.9,0.3,0.1,0.3,0.6,2.5,1836090.0
Mason Plumlee,C,31,CHO,73,73,24.6,2.8,4.4,0.641,0.0,0.0,0.0,2.8,4.4,0.645,0.641,0.9,2.3,0.392,2.4,5.3,7.7,3.1,0.8,0.7,1.4,3.1,6.5,9080417.0
Jakob Poeltl,C,26,SAS,68,67,29.0,6.0,9.8,0.618,0.0,0.0,1.0,6.0,9.7,0.618,0.619,1.4,2.8,0.495,3.9,5.5,9.3,2.8,0.7,1.7,1.6,3.1,13.5,9398148.0
Aleksej Pokusevski,PF,20,OKC,61,12,20.2,3.0,7.5,0.408,0.9,3.2,0.289,2.1,4.2,0.498,0.47,0.6,0.8,0.7,1.2,4.0,5.2,2.1,0.6,0.6,1.5,1.4,7.6,3261480.0
Jordan Poole,SG,22,GSW,76,51,30.0,6.2,13.9,0.448,2.8,7.6,0.364,3.5,6.3,0.55,0.548,3.2,3.5,0.925,0.4,3.0,3.4,4.0,0.8,0.3,2.5,2.7,18.5,3901399.0
Kevin Porter Jr.,PG,21,HOU,61,61,31.3,5.5,13.2,0.415,2.5,6.8,0.375,3.0,6.5,0.456,0.511,2.0,3.2,0.642,0.7,3.7,4.4,6.2,1.1,0.4,3.1,2.6,15.6,3217631.0
Michael Porter Jr.,SF,23,DEN,9,9,29.4,4.1,11.4,0.359,1.1,5.3,0.208,3.0,6.1,0.491,0.408,0.6,1.0,0.556,1.0,5.6,6.6,1.9,1.1,0.2,1.3,1.8,9.9,30913750.0
Otto Porter Jr.,PF,28,GSW,63,15,22.2,3.1,6.6,0.464,1.3,3.4,0.37,1.8,3.2,0.565,0.56,0.8,1.0,0.803,1.4,4.4,5.7,1.5,1.1,0.5,0.6,1.3,8.2,6000000.0
Bobby Portis,C,26,MIL,72,59,28.2,5.8,12.1,0.479,1.8,4.7,0.393,3.9,7.4,0.533,0.555,1.2,1.6,0.752,2.5,6.6,9.1,1.2,0.7,0.7,1.3,2.4,14.6,10843350.0
Dwight Powell,C,30,DAL,82,71,21.9,3.3,4.9,0.671,0.2,0.5,0.351,3.1,4.4,0.703,0.687,2.0,2.6,0.783,2.1,2.8,4.9,1.2,0.5,0.5,0.8,2.7,8.7,11080125.0
Norman Powell,SF-SG,28,TOT,45,41,32.4,6.2,13.4,0.461,2.4,5.6,0.419,3.8,7.8,0.491,0.549,4.2,5.2,0.811,0.4,2.8,3.2,2.1,0.9,0.5,1.5,2.4,19.0,16758621.0
Norman Powell,SF,28,POR,40,39,33.3,6.2,13.6,0.456,2.3,5.7,0.406,3.9,7.8,0.492,0.542,4.0,5.0,0.803,0.4,2.9,3.3,2.1,1.0,0.4,1.6,2.3,18.7,16758621.0
Norman Powell,SG,28,LAC,5,2,25.0,6.4,12.6,0.508,2.6,4.8,0.542,3.8,7.8,0.487,0.611,6.0,7.0,0.857,0.6,2.2,2.8,2.8,0.4,0.8,1.4,2.8,21.4,16758621.0
Joshua Primo,SF,19,SAS,50,16,19.3,2.0,5.4,0.374,0.8,2.7,0.307,1.2,2.7,0.444,0.452,0.9,1.2,0.746,0.6,1.6,2.3,1.6,0.4,0.5,1.1,1.6,5.8,4144320.0
Taurean Prince,PF,27,MIN,69,8,17.1,2.6,5.7,0.454,1.2,3.3,0.376,1.3,2.3,0.565,0.564,0.9,1.2,0.756,0.4,2.1,2.5,1.0,0.7,0.3,0.8,1.7,7.3,7295000.0
Payton Pritchard,PG,24,BOS,71,2,14.1,2.3,5.3,0.429,1.4,3.5,0.412,0.8,1.8,0.461,0.564,0.3,0.3,1.0,0.5,1.4,1.9,2.0,0.4,0.1,0.6,0.9,6.2,2239200.0
Trevelin Queen,SG,24,HOU,10,0,7.4,1.5,3.3,0.455,0.9,2.4,0.375,0.6,0.9,0.667,0.591,0.4,0.4,1.0,0.7,0.9,1.6,0.4,0.5,0.1,0.7,0.6,4.3,330000.0
Immanuel Quickley,PG,22,NYK,78,3,23.1,3.6,9.3,0.392,1.8,5.1,0.346,1.9,4.2,0.448,0.487,2.3,2.6,0.881,0.4,2.8,3.2,3.5,0.7,0.0,1.3,2.1,11.3,2316240.0
Julius Randle,PF,27,NYK,72,72,35.3,7.1,17.3,0.411,1.7,5.4,0.308,5.4,11.9,0.458,0.459,4.2,5.6,0.756,1.7,8.2,9.9,5.1,0.7,0.5,3.4,2.8,20.1,23760000.0
Austin Reaves,SG,23,LAL,61,19,23.2,2.4,5.2,0.459,0.9,2.7,0.317,1.5,2.5,0.616,0.542,1.6,1.9,0.839,0.7,2.4,3.2,1.8,0.5,0.3,0.7,1.4,7.3,1563518.0
Cam Reddish,SF,22,TOT,49,7,20.7,3.4,8.3,0.404,1.3,3.8,0.359,2.0,4.6,0.442,0.485,2.1,2.3,0.902,0.5,1.6,2.1,1.0,1.0,0.3,1.2,1.2,10.1,5954454.0
Cam Reddish,SF,22,ATL,34,7,23.4,4.1,10.1,0.402,1.7,4.5,0.379,2.4,5.6,0.421,0.487,2.1,2.4,0.9,0.6,1.9,2.5,1.1,1.0,0.3,1.3,1.3,11.9,5954454.0
Cam Reddish,SF,22,NYK,15,0,14.3,1.8,4.3,0.415,0.5,2.1,0.258,1.3,2.3,0.559,0.477,1.9,2.1,0.906,0.3,1.1,1.4,0.7,0.8,0.3,0.9,1.0,6.1,5954454.0
Davon Reed,SG,26,DEN,48,5,13.9,1.7,3.4,0.503,0.8,1.8,0.43,0.9,1.6,0.587,0.618,0.2,0.3,0.667,0.3,2.0,2.3,1.1,0.5,0.2,0.3,1.3,4.4,1902133.0
Paul Reed,C,22,PHI,38,2,7.9,1.4,2.5,0.563,0.1,0.2,0.25,1.4,2.3,0.591,0.573,0.2,0.4,0.429,1.2,1.3,2.4,0.4,0.9,0.4,0.3,1.5,3.1,1782621.0
Naz Reid,C,22,MIN,77,6,15.8,3.0,6.2,0.489,0.7,2.2,0.343,2.3,4.0,0.568,0.549,1.5,1.9,0.765,1.3,2.6,3.9,0.9,0.5,0.9,1.1,2.2,8.3,1930681.0
Nick Richards,C,24,CHO,50,5,7.3,1.2,1.8,0.667,0.0,0.0,0.3291231732776618,1.2,1.8,0.667,0.667,0.6,0.9,0.698,0.7,1.0,1.7,0.3,0.2,0.4,0.5,1.0,3.0,1782621.0
Josh Richardson,SG,28,TOT,65,7,24.6,3.6,8.2,0.438,1.6,3.8,0.415,2.0,4.4,0.458,0.534,1.5,1.7,0.889,0.6,2.2,2.8,1.8,0.9,0.4,1.0,1.8,10.2,12196094.0
Josh Richardson,SG,28,BOS,44,0,24.7,3.5,7.8,0.443,1.4,3.5,0.397,2.0,4.3,0.481,0.534,1.4,1.6,0.859,0.6,2.3,2.8,1.5,0.8,0.5,0.9,1.9,9.7,12196094.0
Josh Richardson,SG,28,SAS,21,7,24.4,3.9,9.1,0.429,1.9,4.3,0.444,2.0,4.8,0.416,0.534,1.7,1.8,0.946,0.8,2.1,2.9,2.3,1.0,0.3,1.3,1.6,11.4,12196094.0
Austin Rivers,SG,29,DEN,67,18,22.1,2.2,5.2,0.417,1.2,3.4,0.342,1.0,1.8,0.563,0.53,0.5,0.7,0.727,0.3,1.4,1.7,1.3,0.8,0.1,0.8,1.8,6.0,1836090.0
Duncan Robinson,SG,27,MIA,79,68,25.9,3.7,9.2,0.399,2.9,7.9,0.372,0.7,1.3,0.569,0.559,0.6,0.8,0.836,0.3,2.3,2.6,1.6,0.5,0.2,0.8,2.5,10.9,16902000.0
Mitchell Robinson,C,23,NYK,72,62,25.7,3.6,4.8,0.761,0.0,0.0,0.3291231732776618,3.6,4.8,0.761,0.761,1.2,2.5,0.486,4.1,4.5,8.6,0.5,0.8,1.8,0.8,2.7,8.5,17045454.0
Jeremiah Robinson-Earl,C,21,OKC,49,36,22.2,2.7,6.6,0.414,1.2,3.4,0.352,1.6,3.2,0.478,0.503,0.8,1.1,0.741,1.5,4.1,5.6,1.0,0.6,0.3,0.8,1.5,7.5,2000000.0
Isaiah Roby,PF,23,OKC,45,28,21.1,3.7,7.2,0.514,1.0,2.2,0.444,2.7,5.0,0.545,0.582,1.7,2.6,0.672,1.7,3.2,4.8,1.6,0.8,0.8,1.0,2.4,10.1,1930681.0
Derrick Rose,PG,33,NYK,26,4,24.5,4.7,10.5,0.445,1.4,3.5,0.402,3.3,7.0,0.467,0.513,1.2,1.2,0.968,0.8,2.2,3.0,4.0,0.8,0.5,1.5,0.6,12.0,14520730.0
Terrence Ross,SG,30,ORL,63,0,23.0,3.5,8.8,0.397,1.2,4.2,0.292,2.3,4.6,0.493,0.467,1.8,2.1,0.862,0.3,2.2,2.6,1.8,0.4,0.2,1.2,1.1,10.0,11500000.0
Terry Rozier,SG,27,CHO,73,73,33.7,7.1,16.0,0.444,3.0,8.1,0.374,4.1,7.9,0.516,0.539,2.1,2.4,0.852,0.8,3.5,4.3,4.5,1.3,0.3,1.3,1.6,19.3,21486316.0
Ricky Rubio,PG,31,CLE,34,8,28.5,4.4,12.1,0.363,1.7,5.1,0.339,2.6,7.0,0.38,0.434,2.6,3.0,0.854,0.4,3.7,4.1,6.6,1.4,0.2,2.6,2.2,13.1,5853659.0
D'Angelo Russell,PG,25,MIN,65,65,32.0,6.2,15.0,0.411,2.7,8.0,0.34,3.5,7.0,0.492,0.502,3.0,3.7,0.825,0.4,2.9,3.3,7.1,1.0,0.3,2.5,2.0,18.1,31377750.0
Matt Ryan,SF,24,BOS,1,0,5.0,1.0,5.0,0.2,1.0,5.0,0.2,0.0,0.0,0.5331104417670682,0.3,0.0,0.0,0.7598213552361397,0.0,0.0,0.0,0.0,1.0,0.0,0.0,0.0,3.0,1637966.0
Domantas Sabonis,PF-C,25,TOT,62,61,34.5,7.1,12.5,0.573,0.6,2.0,0.312,6.5,10.5,0.623,0.598,4.0,5.4,0.741,3.2,8.9,12.1,5.2,1.0,0.4,3.1,3.3,18.9,18500000.0
Domantas Sabonis,PF,25,IND,47,46,34.7,7.0,12.1,0.58,0.7,2.3,0.324,6.3,9.9,0.639,0.61,4.1,5.5,0.74,3.3,8.8,12.1,5.0,1.0,0.5,3.0,3.1,18.9,18500000.0
Domantas Sabonis,C,25,SAC,15,15,33.6,7.5,13.5,0.554,0.3,1.1,0.235,7.2,12.3,0.584,0.564,3.7,4.9,0.743,3.1,9.3,12.3,5.8,0.9,0.3,3.5,3.8,18.9,18500000.0
Collin Sexton,SG,23,CLE,11,11,28.7,6.2,13.7,0.45,1.0,4.1,0.244,5.2,9.6,0.538,0.487,2.6,3.5,0.744,1.2,2.1,3.3,2.1,0.9,0.0,2.8,2.3,16.0,16500000.0
Landry Shamet,SG,24,PHO,69,14,20.8,2.8,7.0,0.394,1.8,4.8,0.368,1.0,2.2,0.45,0.521,1.0,1.2,0.84,0.2,1.6,1.8,1.6,0.4,0.1,0.6,1.3,8.3,9500000.0
Day'Ron Sharpe,PF,20,BRK,32,8,12.2,2.7,4.7,0.577,0.1,0.2,0.286,2.6,4.4,0.592,0.584,0.8,1.3,0.585,2.5,2.5,5.0,0.5,0.3,0.5,0.9,1.9,6.2,2109480.0
Pascal Siakam,PF,27,TOR,68,68,37.9,8.8,17.8,0.494,1.1,3.2,0.344,7.7,14.5,0.527,0.525,4.2,5.6,0.749,1.9,6.6,8.5,5.3,1.3,0.6,2.7,3.3,22.8,35448672.0
Marko Simonovic,C,22,CHI,9,0,3.9,0.4,1.7,0.267,0.1,0.6,0.2,0.3,1.1,0.3,0.3,0.9,1.2,0.727,0.6,0.6,1.1,0.0,0.1,0.1,0.2,0.7,1.9,1563518.0
Anfernee Simons,SG,22,POR,57,30,29.5,6.2,14.0,0.443,3.1,7.8,0.405,3.1,6.2,0.49,0.555,1.8,2.0,0.888,0.5,2.2,2.6,3.9,0.5,0.1,2.0,1.9,17.3,22321429.0
Jericho Sims,PF,23,NYK,41,5,13.5,1.0,1.3,0.722,0.0,0.0,0.3291231732776618,1.0,1.3,0.722,0.722,0.3,0.7,0.414,1.5,2.6,4.1,0.5,0.3,0.5,0.5,1.6,2.2,1639842.0
Marcus Smart,PG,27,BOS,71,71,32.3,4.2,10.1,0.418,1.7,5.1,0.331,2.5,5.0,0.506,0.501,2.0,2.5,0.793,0.6,3.2,3.8,5.9,1.7,0.3,2.2,2.3,12.1,17207142.0
Dennis Smith Jr.,PG,24,POR,37,4,17.2,2.1,5.1,0.418,0.2,0.7,0.222,2.0,4.4,0.451,0.434,1.1,1.7,0.656,0.5,1.8,2.4,3.6,1.2,0.3,1.4,1.4,5.6,1836090.0
Ish Smith,PG,33,TOT,65,1,17.3,2.8,6.6,0.43,0.4,1.0,0.373,2.5,5.6,0.441,0.459,0.2,0.4,0.625,0.4,1.8,2.2,3.8,0.7,0.4,1.2,1.2,6.3,4725000.0
Ish Smith,PG,33,CHO,37,1,13.8,2.0,5.0,0.395,0.3,0.7,0.4,1.7,4.3,0.394,0.422,0.3,0.5,0.632,0.3,1.2,1.5,2.6,0.5,0.3,1.0,0.9,4.5,4725000.0
Ish Smith,PG,33,WAS,28,0,22.0,4.0,8.8,0.457,0.5,1.5,0.357,3.5,7.3,0.478,0.488,0.1,0.2,0.6,0.5,2.5,3.0,5.2,1.0,0.5,1.5,1.6,8.6,4725000.0
Jalen Smith,PF,21,TOT,51,8,18.1,3.5,6.9,0.503,0.8,2.4,0.328,2.7,4.5,0.596,0.56,1.5,2.0,0.765,2.0,4.0,6.0,0.5,0.3,0.8,0.8,1.9,9.2,4670160.0
Jalen Smith,PF,21,PHO,29,4,13.2,2.2,4.7,0.46,0.3,1.3,0.231,1.9,3.4,0.551,0.493,1.4,1.8,0.769,1.9,2.9,4.8,0.2,0.2,0.6,0.8,1.8,6.0,4670160.0
Jalen Smith,PF,21,IND,22,4,24.7,5.1,9.7,0.531,1.4,3.8,0.373,3.7,5.9,0.631,0.603,1.7,2.3,0.76,2.1,5.5,7.6,0.8,0.4,1.0,0.9,2.0,13.4,4670160.0
Jaden Springer,SG,19,PHI,2,0,3.0,0.5,0.5,1.0,0.0,0.0,0.3291231732776618,0.5,0.5,1.0,1.0,0.0,0.0,0.7598213552361397,0.5,0.5,1.0,0.0,0.0,1.0,0.5,0.0,1.0,2125200.0
Nik Stauskas,SG,28,TOT,8,0,4.9,0.6,1.8,0.357,0.5,1.3,0.4,0.1,0.5,0.25,0.5,0.5,0.8,0.667,0.1,0.3,0.4,0.3,0.0,0.0,0.1,0.1,2.3,702311.0
Nik Stauskas,SG,28,MIA,2,0,12.0,1.5,4.0,0.375,1.0,2.0,0.5,0.5,2.0,0.25,0.5,1.5,2.0,0.75,0.5,1.0,1.5,0.5,0.0,0.0,0.0,0.5,5.5,702311.0
Nik Stauskas,SG,28,BOS,6,0,2.5,0.3,1.0,0.333,0.3,1.0,0.333,0.0,0.0,0.5331104417670682,0.5,0.2,0.3,0.5,0.0,0.0,0.0,0.2,0.0,0.0,0.2,0.0,1.2,702311.0
Lamar Stevens,PF,24,CLE,63,13,16.1,2.5,5.1,0.489,0.3,1.0,0.277,2.2,4.0,0.543,0.517,0.8,1.2,0.707,0.7,1.9,2.6,0.7,0.5,0.3,0.7,1.7,6.1,1782621.0
Isaiah Stewart,C,20,DET,71,71,25.6,3.5,6.9,0.51,0.2,0.6,0.326,3.3,6.3,0.529,0.526,1.0,1.5,0.718,3.2,5.5,8.7,1.2,0.3,1.1,1.2,3.0,8.3,3433320.0
Max Strus,SF,25,MIA,68,16,23.3,3.7,8.3,0.441,2.7,6.5,0.41,1.0,1.8,0.557,0.602,0.6,0.8,0.792,0.4,2.6,3.0,1.4,0.4,0.2,0.8,1.7,10.6,1815677.0
Jalen Suggs,PG,20,ORL,48,45,27.2,4.1,11.4,0.361,0.9,4.1,0.214,3.3,7.3,0.443,0.4,2.6,3.4,0.773,0.5,3.0,3.6,4.4,1.2,0.4,3.0,3.0,11.8,6922320.0
Jae'Sean Tate,PF,26,HOU,78,77,26.4,4.7,9.3,0.498,0.8,2.6,0.312,3.8,6.8,0.569,0.541,1.7,2.4,0.707,1.7,3.7,5.4,2.8,0.9,0.5,1.8,3.7,11.8,7065217.0
Jayson Tatum,SF,23,BOS,76,76,35.9,9.3,20.6,0.453,3.0,8.6,0.353,6.3,12.0,0.524,0.526,5.3,6.2,0.853,1.1,6.9,8.0,4.4,1.0,0.6,2.9,2.3,26.9,30351780.0
Terry Taylor,SG,22,IND,33,7,21.6,4.1,6.7,0.614,0.4,1.2,0.316,3.7,5.5,0.676,0.641,1.1,1.5,0.706,2.9,2.3,5.2,1.2,0.4,0.2,0.7,1.8,9.6,1563518.0
Garrett Temple,SG,35,NOP,59,16,18.6,1.9,5.0,0.376,1.0,3.1,0.319,0.9,1.9,0.473,0.476,0.5,0.7,0.683,0.5,1.9,2.4,1.3,0.7,0.4,0.7,1.4,5.2,5155500.0
Tyrell Terry,PG,21,MEM,2,0,1.5,0.5,0.5,1.0,0.0,0.0,0.3291231732776618,0.5,0.5,1.0,1.0,0.0,0.0,0.7598213552361397,0.0,0.0,0.0,0.0,0.0,0.0,0.0,0.5,1.0,1782621.0
Daniel Theis,C,29,TOT,47,27,20.8,3.2,6.2,0.519,0.7,2.3,0.308,2.5,3.9,0.641,0.576,1.0,1.5,0.681,1.3,3.6,4.9,0.9,0.4,0.7,1.0,2.4,8.2,8694369.0
Daniel Theis,C,29,HOU,26,21,22.5,3.2,6.9,0.469,0.9,3.0,0.291,2.3,3.8,0.61,0.534,1.0,1.5,0.675,1.2,3.8,5.0,0.8,0.4,0.7,1.2,2.4,8.4,8694369.0
Daniel Theis,C,29,BOS,21,6,18.7,3.2,5.3,0.598,0.5,1.3,0.357,2.7,4.0,0.679,0.643,1.0,1.5,0.688,1.3,3.4,4.7,1.0,0.4,0.7,0.7,2.3,7.9,8694369.0
Cam Thomas,SG,20,BRK,67,2,17.6,3.3,7.5,0.433,0.7,2.6,0.27,2.6,4.9,0.52,0.48,1.3,1.6,0.829,0.2,2.2,2.4,1.2,0.5,0.1,0.8,1.0,8.5,2138160.0
Klay Thompson,SG,31,GSW,32,32,29.4,7.7,17.9,0.429,3.6,9.3,0.385,4.1,8.7,0.477,0.529,1.4,1.6,0.902,0.5,3.4,3.9,2.8,0.5,0.5,1.3,1.7,20.4,40600080.0
JT Thor,PF,19,CHO,33,0,7.9,0.7,1.7,0.436,0.2,0.8,0.259,0.5,0.8,0.607,0.5,0.4,0.6,0.6,0.3,1.0,1.3,0.6,0.2,0.3,0.3,0.8,2.0,1563518.0
Matisse Thybulle,SG,24,PHI,66,50,25.5,2.3,4.5,0.5,0.7,2.2,0.313,1.6,2.4,0.673,0.575,0.5,0.7,0.791,0.6,1.7,2.3,1.1,1.7,1.1,0.6,2.4,5.7,4379527.0
Xavier Tillman Sr.,PF,23,MEM,53,2,13.2,1.8,4.1,0.454,0.2,0.9,0.204,1.7,3.2,0.527,0.477,0.9,1.3,0.648,1.2,1.8,3.0,1.2,0.9,0.3,0.6,1.2,4.8,1782621.0
Isaiah Todd,PF,20,WAS,12,0,6.2,0.6,2.2,0.269,0.3,1.3,0.25,0.3,0.8,0.3,0.346,0.2,0.5,0.333,0.3,0.8,1.0,0.3,0.3,0.2,0.3,0.3,1.7,1575000.0
Obi Toppin,PF,23,NYK,72,10,17.1,3.5,6.6,0.531,0.7,2.3,0.308,2.8,4.2,0.655,0.586,1.3,1.7,0.758,1.0,2.8,3.7,1.1,0.3,0.5,0.8,1.4,9.0,5348280.0
Juan Toscano-Anderson,SF,28,GSW,73,6,13.6,1.6,3.2,0.489,0.4,1.2,0.322,1.2,2.0,0.588,0.549,0.5,1.0,0.571,0.4,2.0,2.4,1.7,0.7,0.2,0.9,1.6,4.1,1836090.0
Karl-Anthony Towns,C,26,MIN,74,74,33.5,8.7,16.4,0.529,2.0,4.9,0.41,6.6,11.5,0.58,0.591,5.2,6.3,0.822,2.6,7.2,9.8,3.6,1.0,1.1,3.1,3.6,24.6,33833400.0
Gary Trent Jr.,SG,23,TOR,70,69,35.0,6.4,15.5,0.414,3.0,7.8,0.383,3.4,7.7,0.445,0.511,2.5,2.9,0.853,0.4,2.4,2.7,2.0,1.7,0.3,1.0,2.1,18.3,17505000.0
P.J. Tucker,PF,36,MIA,71,70,27.9,2.9,6.0,0.484,1.1,2.7,0.415,1.8,3.3,0.54,0.577,0.6,0.9,0.738,1.4,4.0,5.5,2.1,0.8,0.2,0.9,2.3,7.6,10490000.0
Myles Turner,C,25,IND,42,42,29.4,4.8,9.4,0.509,1.5,4.4,0.333,3.3,5.0,0.662,0.587,1.9,2.5,0.752,1.5,5.5,7.1,1.0,0.7,2.8,1.3,2.8,12.9,18000000.0
Jarred Vanderbilt,PF,22,MIN,74,67,25.4,2.9,4.9,0.587,0.0,0.2,0.143,2.8,4.7,0.605,0.59,1.2,1.8,0.656,2.9,5.5,8.4,1.3,1.3,0.6,1.0,2.4,6.9,4374000.0
Fred VanVleet,PG,27,TOR,65,65,37.9,6.8,16.9,0.403,3.7,9.9,0.377,3.1,7.0,0.44,0.513,3.0,3.4,0.874,0.7,3.8,4.4,6.7,1.7,0.5,2.6,2.5,20.3,21250000.0
Devin Vassell,SF,21,SAS,71,32,27.3,4.6,10.8,0.427,1.9,5.4,0.361,2.7,5.4,0.492,0.516,1.2,1.4,0.838,0.6,3.7,4.3,1.9,1.1,0.6,0.8,2.0,12.3,4437000.0
Gabe Vincent,PG,25,MIA,68,27,23.4,3.1,7.5,0.417,1.8,4.8,0.368,1.4,2.8,0.5,0.533,0.6,0.8,0.815,0.3,1.5,1.9,3.1,0.9,0.2,1.4,2.3,8.7,1815677.0
Dean Wade,PF,25,CLE,51,28,19.2,1.9,4.3,0.456,1.0,2.8,0.359,0.9,1.5,0.64,0.574,0.4,0.6,0.667,0.6,2.3,2.9,1.0,0.6,0.1,0.3,1.7,5.3,1930681.0
Franz Wagner,SF,20,ORL,79,79,30.7,5.8,12.3,0.468,1.2,3.4,0.354,4.6,8.9,0.511,0.517,2.4,2.8,0.863,1.1,3.4,4.5,2.9,0.9,0.4,1.5,2.1,15.2,5258280.0
Moritz Wagner,C,24,ORL,63,3,15.2,3.1,6.3,0.497,1.0,3.2,0.328,2.1,3.1,0.672,0.581,1.7,2.0,0.806,0.7,3.0,3.7,1.4,0.3,0.2,0.9,2.0,9.0,1878720.0
Ish Wainright,PF,27,PHO,45,0,8.0,0.9,2.3,0.394,0.4,1.3,0.322,0.5,1.0,0.489,0.486,0.2,0.3,0.583,0.6,0.6,1.2,0.3,0.4,0.1,0.3,1.1,2.4,9270958.554671967
Kemba Walker,PG,31,NYK,37,37,25.6,4.0,10.0,0.403,2.0,5.4,0.367,2.1,4.6,0.444,0.501,1.6,1.9,0.845,0.4,2.6,3.0,3.5,0.7,0.2,1.3,1.0,11.6,9165471.0
Kemba Walker,PG,31,NYK,37,37,25.6,4.0,10.0,0.403,2.0,5.4,0.367,2.1,4.6,0.444,0.501,1.6,1.9,0.845,0.4,2.6,3.0,3.5,0.7,0.2,1.3,1.0,11.6,9165471.0
Lonnie Walker IV,SG,23,SAS,70,6,23.0,4.4,10.9,0.407,1.6,5.0,0.314,2.9,5.9,0.487,0.48,1.7,2.1,0.784,0.3,2.3,2.6,2.2,0.6,0.3,1.0,1.4,12.1,6479000.0
P.J. Washington,C,23,CHO,65,28,27.2,3.8,8.2,0.47,1.7,4.6,0.365,2.2,3.6,0.606,0.573,0.9,1.2,0.716,1.3,3.9,5.2,2.3,0.9,0.9,1.3,2.3,10.3,5808435.0
Yuta Watanabe,SF,27,TOR,38,4,11.7,1.5,3.6,0.406,0.7,2.1,0.342,0.8,1.6,0.492,0.504,0.6,1.1,0.6,0.5,1.9,2.4,0.6,0.3,0.4,0.5,1.0,4.3,1836090.0
Trendon Watford,SF,21,POR,48,10,18.1,3.0,5.6,0.532,0.2,0.8,0.237,2.8,4.8,0.581,0.549,1.5,2.0,0.755,1.2,3.0,4.1,1.7,0.5,0.6,0.9,2.4,7.6,1563518.0
Russell Westbrook,PG,33,LAL,78,78,34.3,7.0,15.8,0.444,1.0,3.4,0.298,6.0,12.4,0.485,0.476,3.4,5.1,0.667,1.4,6.0,7.4,7.1,1.0,0.3,3.8,3.0,18.5,47063478.0
Coby White,PG,21,CHI,61,17,27.5,4.6,10.6,0.433,2.2,5.8,0.385,2.3,4.8,0.491,0.539,1.3,1.5,0.857,0.3,2.7,3.0,2.9,0.5,0.2,1.1,2.2,12.7,7413955.0
Derrick White,SG,27,TOT,75,52,29.3,4.5,10.7,0.421,1.5,4.9,0.312,3.0,5.7,0.515,0.493,2.7,3.1,0.864,0.5,3.0,3.5,4.9,0.9,0.8,1.6,2.3,13.2,16892857.0
Derrick White,SG,27,SAS,49,48,30.3,5.0,11.6,0.426,1.7,5.3,0.314,3.3,6.4,0.519,0.497,2.8,3.3,0.869,0.5,3.0,3.5,5.6,1.0,0.9,1.8,2.4,14.4,16892857.0
Derrick White,SG,27,BOS,26,4,27.4,3.6,8.8,0.409,1.3,4.3,0.306,2.3,4.6,0.504,0.483,2.5,2.9,0.853,0.5,2.9,3.4,3.5,0.6,0.6,1.2,2.2,11.0,16892857.0
Aaron Wiggins,SG,23,OKC,50,35,24.2,3.1,6.7,0.463,0.8,2.8,0.304,2.3,4.0,0.573,0.525,1.2,1.7,0.729,1.0,2.5,3.6,1.4,0.6,0.2,1.1,1.9,8.3,1563518.0
Andrew Wiggins,SF,26,GSW,73,73,31.9,6.5,14.0,0.466,2.2,5.5,0.393,4.4,8.5,0.513,0.543,2.0,3.2,0.634,1.2,3.3,4.5,2.2,1.0,0.7,1.5,2.2,17.2,33616770.0
Grant Williams,PF,23,BOS,77,21,24.4,2.7,5.6,0.475,1.4,3.4,0.411,1.3,2.3,0.569,0.597,1.1,1.2,0.905,0.8,2.7,3.6,1.0,0.5,0.7,0.8,2.4,7.8,4306281.0
Kenrich Williams,SF,27,OKC,49,0,21.9,3.0,6.5,0.461,0.8,2.5,0.339,2.1,4.0,0.536,0.525,0.6,1.1,0.545,1.5,3.0,4.5,2.2,0.9,0.2,0.9,1.7,7.4,2000000.0
Patrick Williams,PF,20,CHI,17,9,24.8,3.2,6.0,0.529,0.9,1.7,0.517,2.3,4.3,0.534,0.603,1.8,2.4,0.732,1.0,3.1,4.1,0.9,0.5,0.5,0.9,1.6,9.0,7775400.0
Robert Williams,C,24,BOS,61,61,29.6,4.4,6.0,0.736,0.0,0.0,0.0,4.4,6.0,0.738,0.736,1.1,1.5,0.722,3.9,5.7,9.6,2.0,0.9,2.2,1.0,2.2,10.0,10937502.0
Ziaire Williams,SF,20,MEM,62,31,21.7,3.1,6.8,0.45,1.2,3.9,0.314,1.9,2.9,0.632,0.54,0.7,0.9,0.782,0.4,1.7,2.1,1.0,0.6,0.2,0.7,1.8,8.1,4591680.0
D.J. Wilson,PF,25,TOR,4,1,13.5,2.8,3.8,0.733,0.0,0.5,0.0,2.8,3.3,0.846,0.733,2.0,2.5,0.8,0.3,3.8,4.0,1.3,1.3,0.3,0.5,1.5,7.5,250000.0
Dylan Windler,SF,25,CLE,50,0,9.2,0.7,2.0,0.378,0.4,1.4,0.3,0.3,0.6,0.571,0.485,0.3,0.4,0.833,0.4,1.4,1.8,0.7,0.3,0.1,0.3,0.9,2.2,4037278.0
Justise Winslow,PF,25,TOT,48,11,16.1,2.3,5.4,0.428,0.3,1.4,0.227,2.0,4.0,0.497,0.457,0.8,1.4,0.591,1.0,3.2,4.2,1.8,0.7,0.5,1.0,1.4,5.7,4097561.0
Justise Winslow,PF,25,LAC,37,1,12.9,1.7,3.8,0.447,0.1,0.8,0.172,1.6,3.0,0.518,0.465,0.7,1.1,0.61,0.8,2.8,3.6,1.4,0.6,0.5,1.0,1.2,4.2,4097561.0
Justise Winslow,PF,25,POR,11,10,26.8,4.3,10.5,0.405,0.9,3.4,0.27,3.4,7.2,0.468,0.448,1.3,2.3,0.56,1.8,4.5,6.3,2.9,1.3,0.6,1.1,1.9,10.7,4097561.0
Christian Wood,C,26,HOU,68,67,30.8,6.5,12.9,0.501,1.9,4.9,0.39,4.5,8.0,0.57,0.576,3.0,4.9,0.623,1.6,8.5,10.1,2.3,0.8,1.0,1.9,2.5,17.9,14317459.0
Delon Wright,SG,29,ATL,77,8,18.9,1.6,3.5,0.454,0.6,1.5,0.379,1.0,2.0,0.51,0.535,0.7,0.8,0.857,0.6,2.2,2.9,2.4,1.2,0.2,0.6,0.7,4.4,7804878.0
Thaddeus Young,PF,33,TOT,52,1,16.3,2.7,5.2,0.518,0.3,0.9,0.354,2.4,4.3,0.554,0.55,0.4,0.9,0.469,1.5,2.5,4.0,2.0,1.0,0.3,1.0,1.6,6.2,8000000.0
Thaddeus Young,PF,33,SAS,26,1,14.2,2.8,4.9,0.578,0.0,0.2,0.0,2.8,4.7,0.602,0.578,0.4,0.8,0.455,1.5,2.0,3.6,2.3,0.9,0.3,1.2,1.5,6.1,8000000.0
Thaddeus Young,PF,33,TOR,26,0,18.3,2.6,5.5,0.465,0.7,1.7,0.395,1.9,3.9,0.495,0.524,0.5,1.0,0.481,1.5,2.9,4.4,1.7,1.2,0.4,0.8,1.7,6.3,8000000.0
Trae Young,PG,23,ATL,76,76,34.9,9.4,20.3,0.46,3.1,8.0,0.382,6.3,12.3,0.512,0.536,6.6,7.3,0.904,0.7,3.1,3.7,9.7,0.9,0.1,4.0,1.7,28.4,37096500.0
Omer Yurtseven,C,23,MIA,56,12,12.6,2.3,4.4,0.526,0.0,0.2,0.091,2.3,4.2,0.547,0.528,0.7,1.1,0.623,1.5,3.7,5.3,0.9,0.3,0.4,0.7,1.5,5.3,1752638.0
Ivica Zubac,C,24,LAC,76,76,24.4,4.1,6.5,0.626,0.0,0.0,0.3291231732776618,4.1,6.5,0.626,0.626,2.2,3.0,0.727,2.9,5.6,8.5,1.6,0.5,1.0,1.5,2.7,10.3,10123457.0
